Time (ms),Device,Android Version,AP MAC Address,Status,Distance (mm),Std Dev (mm),Attempted Measurements,Successful Measurements,Real Distance (mm)
0,XiaomiM2007J3SG,12,bc:df:58:b8:ef:6f,0,2929,654,8,7,1000
473,XiaomiM2007J3SG,12,bc:df:58:b8:ef:6f,0,3393,753,8,7,1000
1005,XiaomiM2007J3SG,12,bc:df:58:b8:ef:6f,0,3437,738,8,7,1000
1502,XiaomiM2007J3SG,12,bc:df:58:b8:ef:6f,0,2563,518,8,7,1000
2009,XiaomiM2007J3SG,12,bc:df:58:b8:ef:6f,0,2990,541,8,7,1000
2517,XiaomiM2007J3SG,12,bc:df:58:b8:ef:6f,0,3193,697,8,7,1000
3025,XiaomiM2007J3SG,12,bc:df:58:b8:ef:6f,0,2886,556,8,7,1000
3531,XiaomiM2007J3SG,12,bc:df:58:b8:ef:6f,0,2881,526,8,7,1000
4037,XiaomiM2007J3SG,12,bc:df:58:b8:ef:6f,0,2983,433,8,7,1000
4546,XiaomiM2007J3SG,12,bc:df:58:b8:ef:6f,0,2859,520,8,7,1000
5053,XiaomiM2007J3SG,12,bc:df:58:b8:ef:6f,0,2878,514,8,7,1000
5561,XiaomiM2007J3SG,12,bc:df:58:b8:ef:6f,0,2981,612,8,7,1000
6073,XiaomiM2007J3SG,12,bc:df:58:b8:ef:6f,0,3091,709,8,7,1000
6578,XiaomiM2007J3SG,12,bc:df:58:b8:ef:6f,0,3193,616,8,7,1000
7085,XiaomiM2007J3SG,12,bc:df:58:b8:ef:6f,0,3178,694,8,7,1000
7598,XiaomiM2007J3SG,12,bc:df:58:b8:ef:6f,0,3266,604,8,7,1000
8102,XiaomiM2007J3SG,12,bc:df:58:b8:ef:6f,0,3076,490,8,7,1000
8606,XiaomiM2007J3SG,12,bc:df:58:b8:ef:6f,0,2812,601,8,7,1000
9114,XiaomiM2007J3SG,12,bc:df:58:b8:ef:6f,0,3222,751,8,7,1000
9627,XiaomiM2007J3SG,12,bc:df:58:b8:ef:6f,0,3225,590,8,7,1000
10135,XiaomiM2007J3SG,12,bc:df:58:b8:ef:6f,0,2973,504,8,7,1000
10642,XiaomiM2007J3SG,12,bc:df:58:b8:ef:6f,0,3032,538,8,7,1000
11155,XiaomiM2007J3SG,12,bc:df:58:b8:ef:6f,0,2954,541,8,7,1000
11663,XiaomiM2007J3SG,12,bc:df:58:b8:ef:6f,0,2805,579,8,7,1000
12152,XiaomiM2007J3SG,12,bc:df:58:b8:ef:6f,0,2980,588,8,7,1000
12694,XiaomiM2007J3SG,12,bc:df:58:b8:ef:6f,0,2895,663,8,5,1000
13197,XiaomiM2007J3SG,12,bc:df:58:b8:ef:6f,0,2878,498,8,7,1000
13692,XiaomiM2007J3SG,12,bc:df:58:b8:ef:6f,0,3064,637,8,7,1000
14203,XiaomiM2007J3SG,12,bc:df:58:b8:ef:6f,0,2851,456,8,7,1000
14710,XiaomiM2007J3SG,12,bc:df:58:b8:ef:6f,0,3281,689,8,6,1000
15217,XiaomiM2007J3SG,12,bc:df:58:b8:ef:6f,0,3112,622,8,7,1000
15719,XiaomiM2007J3SG,12,bc:df:58:b8:ef:6f,0,3071,525,8,7,1000
16231,XiaomiM2007J3SG,12,bc:df:58:b8:ef:6f,0,3286,444,8,7,1000
16745,XiaomiM2007J3SG,12,bc:df:58:b8:ef:6f,0,3137,612,8,7,1000
17248,XiaomiM2007J3SG,12,bc:df:58:b8:ef:6f,0,2827,473,8,7,1000
17754,XiaomiM2007J3SG,12,bc:df:58:b8:ef:6f,0,3137,607,8,7,1000
18267,XiaomiM2007J3SG,12,bc:df:58:b8:ef:6f,0,2902,498,8,7,1000
18770,XiaomiM2007J3SG,12,bc:df:58:b8:ef:6f,0,3078,596,8,7,1000
19289,XiaomiM2007J3SG,12,bc:df:58:b8:ef:6f,0,3020,583,8,7,1000
19787,XiaomiM2007J3SG,12,bc:df:58:b8:ef:6f,0,2893,542,8,7,1000
20301,XiaomiM2007J3SG,12,bc:df:58:b8:ef:6f,0,3105,586,8,7,1000
20788,XiaomiM2007J3SG,12,bc:df:58:b8:ef:6f,0,2961,534,8,7,1000
21322,XiaomiM2007J3SG,12,bc:df:58:b8:ef:6f,0,2937,601,8,7,1000
21826,XiaomiM2007J3SG,12,bc:df:58:b8:ef:6f,0,3361,788,8,7,1000
22333,XiaomiM2007J3SG,12,bc:df:58:b8:ef:6f,0,2954,553,8,7,1000
22841,XiaomiM2007J3SG,12,bc:df:58:b8:ef:6f,0,2851,582,8,7,1000
23346,XiaomiM2007J3SG,12,bc:df:58:b8:ef:6f,0,2856,599,8,7,1000
23858,XiaomiM2007J3SG,12,bc:df:58:b8:ef:6f,0,3244,713,8,7,1000
24364,XiaomiM2007J3SG,12,bc:df:58:b8:ef:6f,0,2988,545,8,7,1000
24876,XiaomiM2007J3SG,12,bc:df:58:b8:ef:6f,0,2966,502,8,7,1000
25382,XiaomiM2007J3SG,12,bc:df:58:b8:ef:6f,0,3020,550,8,7,1000
25878,XiaomiM2007J3SG,12,bc:df:58:b8:ef:6f,0,3186,689,8,7,1000
26405,XiaomiM2007J3SG,12,bc:df:58:b8:ef:6f,0,3095,557,8,7,1000
26917,XiaomiM2007J3SG,12,bc:df:58:b8:ef:6f,0,2836,497,8,7,1000
27415,XiaomiM2007J3SG,12,bc:df:58:b8:ef:6f,0,2917,591,8,7,1000
27927,XiaomiM2007J3SG,12,bc:df:58:b8:ef:6f,0,3171,661,8,7,1000
28430,XiaomiM2007J3SG,12,bc:df:58:b8:ef:6f,0,3042,642,8,7,1000
28946,XiaomiM2007J3SG,12,bc:df:58:b8:ef:6f,0,3882,550,8,5,1000
29442,XiaomiM2007J3SG,12,bc:df:58:b8:ef:6f,0,3076,543,8,7,1000
29952,XiaomiM2007J3SG,12,bc:df:58:b8:ef:6f,0,3298,619,8,7,1000
30459,XiaomiM2007J3SG,12,bc:df:58:b8:ef:6f,0,3420,585,8,7,1000
30975,XiaomiM2007J3SG,12,bc:df:58:b8:ef:6f,0,3149,512,8,7,1000
31480,XiaomiM2007J3SG,12,bc:df:58:b8:ef:6f,0,3193,631,8,7,1000
31984,XiaomiM2007J3SG,12,bc:df:58:b8:ef:6f,0,3357,573,8,7,1000
32500,XiaomiM2007J3SG,12,bc:df:58:b8:ef:6f,0,3025,476,8,7,1000
33006,XiaomiM2007J3SG,12,bc:df:58:b8:ef:6f,0,3247,522,8,7,1000
33517,XiaomiM2007J3SG,12,bc:df:58:b8:ef:6f,0,3313,685,8,7,1000
34023,XiaomiM2007J3SG,12,bc:df:58:b8:ef:6f,0,3201,627,8,7,1000
34532,XiaomiM2007J3SG,12,bc:df:58:b8:ef:6f,0,3386,523,8,7,1000
35039,XiaomiM2007J3SG,12,bc:df:58:b8:ef:6f,0,3174,465,8,7,1000
35548,XiaomiM2007J3SG,12,bc:df:58:b8:ef:6f,0,3086,474,8,7,1000
36055,XiaomiM2007J3SG,12,bc:df:58:b8:ef:6f,0,3384,597,8,7,1000
36563,XiaomiM2007J3SG,12,bc:df:58:b8:ef:6f,0,3149,525,8,7,1000
37074,XiaomiM2007J3SG,12,bc:df:58:b8:ef:6f,0,3063,462,8,7,1000
37582,XiaomiM2007J3SG,12,bc:df:58:b8:ef:6f,0,3054,514,8,7,1000
38090,XiaomiM2007J3SG,12,bc:df:58:b8:ef:6f,0,3313,620,8,7,1000
38601,XiaomiM2007J3SG,12,bc:df:58:b8:ef:6f,0,3215,560,8,7,1000
39109,XiaomiM2007J3SG,12,bc:df:58:b8:ef:6f,0,3562,620,8,7,1000
39620,XiaomiM2007J3SG,12,bc:df:58:b8:ef:6f,0,3010,560,8,7,1000
40128,XiaomiM2007J3SG,12,bc:df:58:b8:ef:6f,0,3334,586,8,7,1000
40638,XiaomiM2007J3SG,12,bc:df:58:b8:ef:6f,0,3073,495,8,7,1000
41150,XiaomiM2007J3SG,12,bc:df:58:b8:ef:6f,0,3608,844,8,7,1000
41660,XiaomiM2007J3SG,12,bc:df:58:b8:ef:6f,0,3452,583,8,7,1000
42175,XiaomiM2007J3SG,12,bc:df:58:b8:ef:6f,0,3042,608,8,7,1000
42682,XiaomiM2007J3SG,12,bc:df:58:b8:ef:6f,0,3093,594,8,7,1000
43181,XiaomiM2007J3SG,12,bc:df:58:b8:ef:6f,0,3332,607,8,7,1000
43693,XiaomiM2007J3SG,12,bc:df:58:b8:ef:6f,0,3325,563,8,7,1000
44200,XiaomiM2007J3SG,12,bc:df:58:b8:ef:6f,0,3171,595,8,7,1000
44709,XiaomiM2007J3SG,12,bc:df:58:b8:ef:6f,0,3142,479,8,6,1000
45224,XiaomiM2007J3SG,12,bc:df:58:b8:ef:6f,0,3427,702,8,7,1000
45721,XiaomiM2007J3SG,12,bc:df:58:b8:ef:6f,0,3313,553,8,7,1000
46234,XiaomiM2007J3SG,12,bc:df:58:b8:ef:6f,0,3435,633,8,7,1000
46742,XiaomiM2007J3SG,12,bc:df:58:b8:ef:6f,0,3069,525,8,7,1000
47250,XiaomiM2007J3SG,12,bc:df:58:b8:ef:6f,0,3493,707,8,7,1000
47761,XiaomiM2007J3SG,12,bc:df:58:b8:ef:6f,0,3378,676,8,7,1000
48277,XiaomiM2007J3SG,12,bc:df:58:b8:ef:6f,0,3369,624,8,7,1000
48785,XiaomiM2007J3SG,12,bc:df:58:b8:ef:6f,0,3393,731,8,7,1000
49293,XiaomiM2007J3SG,12,bc:df:58:b8:ef:6f,0,3393,633,8,7,1000
49799,XiaomiM2007J3SG,12,bc:df:58:b8:ef:6f,0,3405,642,8,7,1000
50307,XiaomiM2007J3SG,12,bc:df:58:b8:ef:6f,0,3181,620,8,7,1000
50814,XiaomiM2007J3SG,12,bc:df:58:b8:ef:6f,0,3435,628,8,7,1000
51326,XiaomiM2007J3SG,12,bc:df:58:b8:ef:6f,0,3025,566,8,7,1000
51838,XiaomiM2007J3SG,12,bc:df:58:b8:ef:6f,0,3481,596,8,7,1000
52344,XiaomiM2007J3SG,12,bc:df:58:b8:ef:6f,0,3479,629,8,7,1000
52853,XiaomiM2007J3SG,12,bc:df:58:b8:ef:6f,0,3342,637,8,7,1000
53367,XiaomiM2007J3SG,12,bc:df:58:b8:ef:6f,0,3076,458,8,7,1000
53864,XiaomiM2007J3SG,12,bc:df:58:b8:ef:6f,0,3127,665,8,7,1000
54383,XiaomiM2007J3SG,12,bc:df:58:b8:ef:6f,0,3320,612,8,7,1000
54890,XiaomiM2007J3SG,12,bc:df:58:b8:ef:6f,0,3215,559,8,7,1000
55398,XiaomiM2007J3SG,12,bc:df:58:b8:ef:6f,0,3503,651,8,7,1000
55914,XiaomiM2007J3SG,12,bc:df:58:b8:ef:6f,0,3193,766,8,7,1000
56414,XiaomiM2007J3SG,12,bc:df:58:b8:ef:6f,0,3393,638,8,7,1000
56930,XiaomiM2007J3SG,12,bc:df:58:b8:ef:6f,0,3252,613,8,7,1000
57439,XiaomiM2007J3SG,12,bc:df:58:b8:ef:6f,0,3201,567,8,7,1000
57946,XiaomiM2007J3SG,12,bc:df:58:b8:ef:6f,0,3135,708,8,7,1000
58457,XiaomiM2007J3SG,12,bc:df:58:b8:ef:6f,0,3481,641,8,7,1000
58969,XiaomiM2007J3SG,12,bc:df:58:b8:ef:6f,0,3188,531,8,7,1000
59481,XiaomiM2007J3SG,12,bc:df:58:b8:ef:6f,0,3205,625,8,7,1000
59980,XiaomiM2007J3SG,12,bc:df:58:b8:ef:6f,0,3174,643,8,7,1000
60490,XiaomiM2007J3SG,12,bc:df:58:b8:ef:6f,0,3376,659,8,7,1000
61002,XiaomiM2007J3SG,12,bc:df:58:b8:ef:6f,0,3362,576,8,7,1000
61506,XiaomiM2007J3SG,12,bc:df:58:b8:ef:6f,0,3266,610,8,7,1000
62014,XiaomiM2007J3SG,12,bc:df:58:b8:ef:6f,0,3120,470,8,7,1000
62526,XiaomiM2007J3SG,12,bc:df:58:b8:ef:6f,0,3340,695,8,7,1000
63038,XiaomiM2007J3SG,12,bc:df:58:b8:ef:6f,0,3210,574,8,7,1000
63554,XiaomiM2007J3SG,12,bc:df:58:b8:ef:6f,0,3430,562,8,7,1000
64057,XiaomiM2007J3SG,12,bc:df:58:b8:ef:6f,0,3244,542,8,7,1000
64573,XiaomiM2007J3SG,12,bc:df:58:b8:ef:6f,0,3332,647,8,7,1000
65081,XiaomiM2007J3SG,12,bc:df:58:b8:ef:6f,0,3056,555,8,7,1000
65594,XiaomiM2007J3SG,12,bc:df:58:b8:ef:6f,0,3076,548,8,7,1000
66103,XiaomiM2007J3SG,12,bc:df:58:b8:ef:6f,0,3085,496,8,7,1000
66617,XiaomiM2007J3SG,12,bc:df:58:b8:ef:6f,0,3017,618,8,7,1000
67125,XiaomiM2007J3SG,12,bc:df:58:b8:ef:6f,0,2876,514,8,7,1000
67633,XiaomiM2007J3SG,12,bc:df:58:b8:ef:6f,0,3098,635,8,7,1000
68143,XiaomiM2007J3SG,12,bc:df:58:b8:ef:6f,0,3061,631,8,7,1000
68649,XiaomiM2007J3SG,12,bc:df:58:b8:ef:6f,0,3056,644,8,7,1000
69151,XiaomiM2007J3SG,12,bc:df:58:b8:ef:6f,0,3452,698,8,7,1000
69672,XiaomiM2007J3SG,12,bc:df:58:b8:ef:6f,0,2981,617,8,7,1000
70174,XiaomiM2007J3SG,12,bc:df:58:b8:ef:6f,0,2968,469,8,7,1000
70684,XiaomiM2007J3SG,12,bc:df:58:b8:ef:6f,0,3020,566,8,7,1000
71193,XiaomiM2007J3SG,12,bc:df:58:b8:ef:6f,0,3068,541,8,7,1000
71709,XiaomiM2007J3SG,12,bc:df:58:b8:ef:6f,0,2981,594,8,7,1000
72215,XiaomiM2007J3SG,12,bc:df:58:b8:ef:6f,0,2995,479,8,7,1000
72723,XiaomiM2007J3SG,12,bc:df:58:b8:ef:6f,0,3215,640,8,7,1000
73231,XiaomiM2007J3SG,12,bc:df:58:b8:ef:6f,0,3046,544,8,7,1000
73746,XiaomiM2007J3SG,12,bc:df:58:b8:ef:6f,0,2849,555,8,7,1000
74253,XiaomiM2007J3SG,12,bc:df:58:b8:ef:6f,0,3098,532,8,7,1000
74763,XiaomiM2007J3SG,12,bc:df:58:b8:ef:6f,0,3200,654,8,7,1000
75273,XiaomiM2007J3SG,12,bc:df:58:b8:ef:6f,0,3298,557,8,7,1000
75788,XiaomiM2007J3SG,12,bc:df:58:b8:ef:6f,0,2915,535,8,7,1000
76297,XiaomiM2007J3SG,12,bc:df:58:b8:ef:6f,0,3091,603,8,7,1000
76804,XiaomiM2007J3SG,12,bc:df:58:b8:ef:6f,0,2917,549,8,7,1000
77312,XiaomiM2007J3SG,12,bc:df:58:b8:ef:6f,0,2944,513,8,7,1000
77823,XiaomiM2007J3SG,12,bc:df:58:b8:ef:6f,0,3098,500,8,7,1000
78330,XiaomiM2007J3SG,12,bc:df:58:b8:ef:6f,0,2900,573,8,7,1000
78842,XiaomiM2007J3SG,12,bc:df:58:b8:ef:6f,0,3239,696,8,7,1000
79351,XiaomiM2007J3SG,12,bc:df:58:b8:ef:6f,0,3217,694,8,7,1000
79859,XiaomiM2007J3SG,12,bc:df:58:b8:ef:6f,0,2973,649,8,7,1000
80370,XiaomiM2007J3SG,12,bc:df:58:b8:ef:6f,0,3222,718,8,7,1000
80887,XiaomiM2007J3SG,12,bc:df:58:b8:ef:6f,0,3357,685,8,7,1000
81392,XiaomiM2007J3SG,12,bc:df:58:b8:ef:6f,0,3208,692,8,7,1000
81906,XiaomiM2007J3SG,12,bc:df:58:b8:ef:6f,0,2905,473,8,7,1000
82418,XiaomiM2007J3SG,12,bc:df:58:b8:ef:6f,0,3095,687,8,7,1000
82933,XiaomiM2007J3SG,12,bc:df:58:b8:ef:6f,0,3322,689,8,7,1000
83443,XiaomiM2007J3SG,12,bc:df:58:b8:ef:6f,0,3198,665,8,7,1000
83943,XiaomiM2007J3SG,12,bc:df:58:b8:ef:6f,0,2849,549,8,7,1000
84458,XiaomiM2007J3SG,12,bc:df:58:b8:ef:6f,0,3137,668,8,7,1000
84956,XiaomiM2007J3SG,12,bc:df:58:b8:ef:6f,0,2856,536,8,7,1000
85465,XiaomiM2007J3SG,12,bc:df:58:b8:ef:6f,0,3266,769,8,7,1000
85974,XiaomiM2007J3SG,12,bc:df:58:b8:ef:6f,0,3276,573,8,7,1000
86485,XiaomiM2007J3SG,12,bc:df:58:b8:ef:6f,0,3291,683,8,7,1000
86998,XiaomiM2007J3SG,12,bc:df:58:b8:ef:6f,0,2917,517,8,7,1000
87511,XiaomiM2007J3SG,12,bc:df:58:b8:ef:6f,0,2878,500,8,7,1000
88015,XiaomiM2007J3SG,12,bc:df:58:b8:ef:6f,0,3230,639,8,7,1000
88529,XiaomiM2007J3SG,12,bc:df:58:b8:ef:6f,0,3130,380,8,3,1000
89027,XiaomiM2007J3SG,12,bc:df:58:b8:ef:6f,0,3208,720,8,7,1000
89535,XiaomiM2007J3SG,12,bc:df:58:b8:ef:6f,0,3195,588,8,7,1000
90050,XiaomiM2007J3SG,12,bc:df:58:b8:ef:6f,0,2885,539,8,7,1000
90564,XiaomiM2007J3SG,12,bc:df:58:b8:ef:6f,0,3122,627,8,7,1000
91064,XiaomiM2007J3SG,12,bc:df:58:b8:ef:6f,0,3027,616,8,7,1000
91578,XiaomiM2007J3SG,12,bc:df:58:b8:ef:6f,0,3137,563,8,7,1000
92091,XiaomiM2007J3SG,12,bc:df:58:b8:ef:6f,0,3283,728,8,7,1000
92600,XiaomiM2007J3SG,12,bc:df:58:b8:ef:6f,0,3247,647,8,7,1000
93111,XiaomiM2007J3SG,12,bc:df:58:b8:ef:6f,0,3149,638,8,7,1000
93628,XiaomiM2007J3SG,12,bc:df:58:b8:ef:6f,0,3149,469,8,7,1000
94130,XiaomiM2007J3SG,12,bc:df:58:b8:ef:6f,0,3203,643,8,7,1000
94639,XiaomiM2007J3SG,12,bc:df:58:b8:ef:6f,0,3115,686,8,7,1000
95149,XiaomiM2007J3SG,12,bc:df:58:b8:ef:6f,0,2790,573,8,7,1000
95659,XiaomiM2007J3SG,12,bc:df:58:b8:ef:6f,0,3093,615,8,7,1000
96172,XiaomiM2007J3SG,12,bc:df:58:b8:ef:6f,0,2944,642,8,7,1000
96677,XiaomiM2007J3SG,12,bc:df:58:b8:ef:6f,0,3303,574,8,7,1000
97190,XiaomiM2007J3SG,12,bc:df:58:b8:ef:6f,0,3134,594,8,7,1000
97701,XiaomiM2007J3SG,12,bc:df:58:b8:ef:6f,0,3369,677,8,7,1000
98210,XiaomiM2007J3SG,12,bc:df:58:b8:ef:6f,0,3149,528,8,7,1000
98722,XiaomiM2007J3SG,12,bc:df:58:b8:ef:6f,0,3361,608,8,7,1000
99226,XiaomiM2007J3SG,12,bc:df:58:b8:ef:6f,0,3305,655,8,7,1000
99741,XiaomiM2007J3SG,12,bc:df:58:b8:ef:6f,0,3025,584,8,7,1000
100244,XiaomiM2007J3SG,12,bc:df:58:b8:ef:6f,0,2946,574,8,7,1000
100753,XiaomiM2007J3SG,12,bc:df:58:b8:ef:6f,0,3085,601,8,7,1000
101264,XiaomiM2007J3SG,12,bc:df:58:b8:ef:6f,0,4116,456,8,7,1000
101781,XiaomiM2007J3SG,12,bc:df:58:b8:ef:6f,0,2995,519,8,7,1000
102288,XiaomiM2007J3SG,12,bc:df:58:b8:ef:6f,0,2937,545,8,7,1000
102799,XiaomiM2007J3SG,12,bc:df:58:b8:ef:6f,0,2978,577,8,7,1000
103307,XiaomiM2007J3SG,12,bc:df:58:b8:ef:6f,0,3037,499,8,7,1000
103820,XiaomiM2007J3SG,12,bc:df:58:b8:ef:6f,0,3124,694,8,7,1000
104319,XiaomiM2007J3SG,12,bc:df:58:b8:ef:6f,0,3149,657,8,7,1000
104830,XiaomiM2007J3SG,12,bc:df:58:b8:ef:6f,0,3244,730,8,7,1000
105338,XiaomiM2007J3SG,12,bc:df:58:b8:ef:6f,0,3188,603,8,7,1000
105851,XiaomiM2007J3SG,12,bc:df:58:b8:ef:6f,0,3298,641,8,7,1000
106352,XiaomiM2007J3SG,12,bc:df:58:b8:ef:6f,0,3166,603,8,7,1000
106861,XiaomiM2007J3SG,12,bc:df:58:b8:ef:6f,0,3178,616,8,7,1000
107372,XiaomiM2007J3SG,12,bc:df:58:b8:ef:6f,0,3156,563,8,7,1000
107883,XiaomiM2007J3SG,12,bc:df:58:b8:ef:6f,0,2917,511,8,7,1000
108400,XiaomiM2007J3SG,12,bc:df:58:b8:ef:6f,0,2968,578,8,7,1000
108910,XiaomiM2007J3SG,12,bc:df:58:b8:ef:6f,0,3017,625,8,7,1000
109419,XiaomiM2007J3SG,12,bc:df:58:b8:ef:6f,0,3186,691,8,7,1000
109933,XiaomiM2007J3SG,12,bc:df:58:b8:ef:6f,0,2922,672,8,7,1000
110442,XiaomiM2007J3SG,12,bc:df:58:b8:ef:6f,0,3081,519,8,7,1000
110955,XiaomiM2007J3SG,12,bc:df:58:b8:ef:6f,0,3452,580,8,7,1000
111463,XiaomiM2007J3SG,12,bc:df:58:b8:ef:6f,0,3149,579,8,7,1000
111972,XiaomiM2007J3SG,12,bc:df:58:b8:ef:6f,0,3393,623,8,7,1000
112474,XiaomiM2007J3SG,12,bc:df:58:b8:ef:6f,0,2973,506,8,7,1000
112984,XiaomiM2007J3SG,12,bc:df:58:b8:ef:6f,0,3254,622,8,7,1000
113492,XiaomiM2007J3SG,12,bc:df:58:b8:ef:6f,0,3332,684,8,7,1000
114003,XiaomiM2007J3SG,12,bc:df:58:b8:ef:6f,0,3149,689,8,7,1000
114512,XiaomiM2007J3SG,12,bc:df:58:b8:ef:6f,0,2998,667,8,7,1000
115027,XiaomiM2007J3SG,12,bc:df:58:b8:ef:6f,0,3086,590,8,7,1000
115533,XiaomiM2007J3SG,12,bc:df:58:b8:ef:6f,0,3232,620,8,7,1000
116043,XiaomiM2007J3SG,12,bc:df:58:b8:ef:6f,0,3049,624,8,7,1000
116556,XiaomiM2007J3SG,12,bc:df:58:b8:ef:6f,0,2871,475,8,7,1000
117067,XiaomiM2007J3SG,12,bc:df:58:b8:ef:6f,0,42500,247,8,7,1000
117574,XiaomiM2007J3SG,12,bc:df:58:b8:ef:6f,0,2944,628,8,7,1000
118084,XiaomiM2007J3SG,12,bc:df:58:b8:ef:6f,0,3357,691,8,7,1000
118596,XiaomiM2007J3SG,12,bc:df:58:b8:ef:6f,0,3298,568,8,7,1000
119103,XiaomiM2007J3SG,12,bc:df:58:b8:ef:6f,0,3149,637,8,7,1000
119610,XiaomiM2007J3SG,12,bc:df:58:b8:ef:6f,0,3134,581,8,7,1000
0,XiaomiM2007J3SG,12,bc:df:58:b8:ef:6f,0,5219,332,8,7,2000
474,XiaomiM2007J3SG,12,bc:df:58:b8:ef:6f,0,4148,656,8,7,2000
1012,XiaomiM2007J3SG,12,bc:df:58:b8:ef:6f,0,3325,703,8,6,2000
1515,XiaomiM2007J3SG,12,bc:df:58:b8:ef:6f,0,4302,673,8,6,2000
2013,XiaomiM2007J3SG,12,bc:df:58:b8:ef:6f,0,4079,623,8,7,2000
2524,XiaomiM2007J3SG,12,bc:df:58:b8:ef:6f,0,4145,657,8,7,2000
3032,XiaomiM2007J3SG,12,bc:df:58:b8:ef:6f,0,4323,652,8,7,2000
3545,XiaomiM2007J3SG,12,bc:df:58:b8:ef:6f,0,4419,700,8,7,2000
4056,XiaomiM2007J3SG,12,bc:df:58:b8:ef:6f,0,4272,454,8,7,2000
4556,XiaomiM2007J3SG,12,bc:df:58:b8:ef:6f,0,4292,780,8,7,2000
5069,XiaomiM2007J3SG,12,bc:df:58:b8:ef:6f,0,4206,572,8,7,2000
5572,XiaomiM2007J3SG,12,bc:df:58:b8:ef:6f,0,4043,731,8,7,2000
6078,XiaomiM2007J3SG,12,bc:df:58:b8:ef:6f,0,4401,702,8,7,2000
6586,XiaomiM2007J3SG,12,bc:df:58:b8:ef:6f,0,3984,517,8,7,2000
7097,XiaomiM2007J3SG,12,bc:df:58:b8:ef:6f,0,4111,499,8,7,2000
7603,XiaomiM2007J3SG,12,bc:df:58:b8:ef:6f,0,3955,673,8,7,2000
8109,XiaomiM2007J3SG,12,bc:df:58:b8:ef:6f,0,4321,595,8,6,2000
8619,XiaomiM2007J3SG,12,bc:df:58:b8:ef:6f,0,4094,450,8,7,2000
9121,XiaomiM2007J3SG,12,bc:df:58:b8:ef:6f,0,4101,651,8,7,2000
9628,XiaomiM2007J3SG,12,bc:df:58:b8:ef:6f,0,4431,670,8,7,2000
10137,XiaomiM2007J3SG,12,bc:df:58:b8:ef:6f,0,4057,549,8,7,2000
10645,XiaomiM2007J3SG,12,bc:df:58:b8:ef:6f,0,3889,422,8,7,2000
11156,XiaomiM2007J3SG,12,bc:df:58:b8:ef:6f,0,3957,392,8,7,2000
11672,XiaomiM2007J3SG,12,bc:df:58:b8:ef:6f,0,4375,815,8,7,2000
12172,XiaomiM2007J3SG,12,bc:df:58:b8:ef:6f,0,4116,591,8,7,2000
12680,XiaomiM2007J3SG,12,bc:df:58:b8:ef:6f,0,4248,745,8,7,2000
13185,XiaomiM2007J3SG,12,bc:df:58:b8:ef:6f,0,4118,727,8,7,2000
13696,XiaomiM2007J3SG,12,bc:df:58:b8:ef:6f,0,4123,606,8,7,2000
14200,XiaomiM2007J3SG,12,bc:df:58:b8:ef:6f,0,4182,654,8,7,2000
14714,XiaomiM2007J3SG,12,bc:df:58:b8:ef:6f,0,4482,695,8,7,2000
15216,XiaomiM2007J3SG,12,bc:df:58:b8:ef:6f,0,4599,646,8,7,2000
15728,XiaomiM2007J3SG,12,bc:df:58:b8:ef:6f,0,4343,611,8,7,2000
16229,XiaomiM2007J3SG,12,bc:df:58:b8:ef:6f,0,4402,734,8,7,2000
16739,XiaomiM2007J3SG,12,bc:df:58:b8:ef:6f,0,4028,661,8,7,2000
17248,XiaomiM2007J3SG,12,bc:df:58:b8:ef:6f,0,4343,687,8,7,2000
17753,XiaomiM2007J3SG,12,bc:df:58:b8:ef:6f,0,4475,628,8,7,2000
18259,XiaomiM2007J3SG,12,bc:df:58:b8:ef:6f,0,4382,670,8,7,2000
18774,XiaomiM2007J3SG,12,bc:df:58:b8:ef:6f,0,4021,720,8,7,2000
19283,XiaomiM2007J3SG,12,bc:df:58:b8:ef:6f,0,4189,694,8,7,2000
19793,XiaomiM2007J3SG,12,bc:df:58:b8:ef:6f,0,4240,748,8,7,2000
20299,XiaomiM2007J3SG,12,bc:df:58:b8:ef:6f,0,4079,667,8,7,2000
20808,XiaomiM2007J3SG,12,bc:df:58:b8:ef:6f,0,4006,545,8,7,2000
21315,XiaomiM2007J3SG,12,bc:df:58:b8:ef:6f,0,4394,833,8,7,2000
21827,XiaomiM2007J3SG,12,bc:df:58:b8:ef:6f,0,4014,606,8,7,2000
22337,XiaomiM2007J3SG,12,bc:df:58:b8:ef:6f,0,4409,601,8,7,2000
22842,XiaomiM2007J3SG,12,bc:df:58:b8:ef:6f,0,4233,705,8,7,2000
23357,XiaomiM2007J3SG,12,bc:df:58:b8:ef:6f,0,4397,636,8,7,2000
23861,XiaomiM2007J3SG,12,bc:df:58:b8:ef:6f,0,4468,679,8,7,2000
24368,XiaomiM2007J3SG,12,bc:df:58:b8:ef:6f,0,4167,727,8,7,2000
24886,XiaomiM2007J3SG,12,bc:df:58:b8:ef:6f,0,4294,826,8,7,2000
25392,XiaomiM2007J3SG,12,bc:df:58:b8:ef:6f,0,4399,756,8,7,2000
25903,XiaomiM2007J3SG,12,bc:df:58:b8:ef:6f,0,4140,430,8,7,2000
26404,XiaomiM2007J3SG,12,bc:df:58:b8:ef:6f,0,4475,598,8,7,2000
26912,XiaomiM2007J3SG,12,bc:df:58:b8:ef:6f,0,4160,603,8,7,2000
27415,XiaomiM2007J3SG,12,bc:df:58:b8:ef:6f,0,4014,646,8,7,2000
27931,XiaomiM2007J3SG,12,bc:df:58:b8:ef:6f,0,4233,614,8,7,2000
28440,XiaomiM2007J3SG,12,bc:df:58:b8:ef:6f,0,4175,630,8,7,2000
28947,XiaomiM2007J3SG,12,bc:df:58:b8:ef:6f,0,4419,584,8,7,2000
29459,XiaomiM2007J3SG,12,bc:df:58:b8:ef:6f,0,3962,657,8,7,2000
29962,XiaomiM2007J3SG,12,bc:df:58:b8:ef:6f,0,4475,653,8,7,2000
30468,XiaomiM2007J3SG,12,bc:df:58:b8:ef:6f,0,4526,612,8,7,2000
30981,XiaomiM2007J3SG,12,bc:df:58:b8:ef:6f,0,4380,683,8,7,2000
31486,XiaomiM2007J3SG,12,bc:df:58:b8:ef:6f,0,4248,768,8,7,2000
32000,XiaomiM2007J3SG,12,bc:df:58:b8:ef:6f,0,4189,680,8,7,2000
32504,XiaomiM2007J3SG,12,bc:df:58:b8:ef:6f,0,4138,508,8,7,2000
33014,XiaomiM2007J3SG,12,bc:df:58:b8:ef:6f,0,4255,681,8,7,2000
33516,XiaomiM2007J3SG,12,bc:df:58:b8:ef:6f,0,4043,542,8,7,2000
34039,XiaomiM2007J3SG,12,bc:df:58:b8:ef:6f,0,4138,601,8,7,2000
34540,XiaomiM2007J3SG,12,bc:df:58:b8:ef:6f,0,4411,720,8,7,2000
35047,XiaomiM2007J3SG,12,bc:df:58:b8:ef:6f,0,4431,663,8,7,2000
35563,XiaomiM2007J3SG,12,bc:df:58:b8:ef:6f,0,4233,895,8,5,2000
36064,XiaomiM2007J3SG,12,bc:df:58:b8:ef:6f,0,3662,105,8,3,2000
36565,XiaomiM2007J3SG,12,bc:df:58:b8:ef:6f,0,4226,633,8,7,2000
37080,XiaomiM2007J3SG,12,bc:df:58:b8:ef:6f,0,4184,604,8,7,2000
37584,XiaomiM2007J3SG,12,bc:df:58:b8:ef:6f,0,4321,487,8,7,2000
38093,XiaomiM2007J3SG,12,bc:df:58:b8:ef:6f,0,4411,558,8,7,2000
38608,XiaomiM2007J3SG,12,bc:df:58:b8:ef:6f,0,4182,554,8,7,2000
39114,XiaomiM2007J3SG,12,bc:df:58:b8:ef:6f,0,4257,664,8,7,2000
39622,XiaomiM2007J3SG,12,bc:df:58:b8:ef:6f,0,4147,702,8,7,2000
40135,XiaomiM2007J3SG,12,bc:df:58:b8:ef:6f,0,4035,507,8,7,2000
40643,XiaomiM2007J3SG,12,bc:df:58:b8:ef:6f,0,4167,691,8,7,2000
41146,XiaomiM2007J3SG,12,bc:df:58:b8:ef:6f,0,4367,677,8,7,2000
41656,XiaomiM2007J3SG,12,bc:df:58:b8:ef:6f,0,4072,565,8,7,2000
42160,XiaomiM2007J3SG,12,bc:df:58:b8:ef:6f,0,4489,774,8,7,2000
42671,XiaomiM2007J3SG,12,bc:df:58:b8:ef:6f,0,4543,724,8,7,2000
43180,XiaomiM2007J3SG,12,bc:df:58:b8:ef:6f,0,4321,657,8,7,2000
43691,XiaomiM2007J3SG,12,bc:df:58:b8:ef:6f,0,4228,662,8,7,2000
44200,XiaomiM2007J3SG,12,bc:df:58:b8:ef:6f,0,4389,504,8,7,2000
44704,XiaomiM2007J3SG,12,bc:df:58:b8:ef:6f,0,4321,605,8,7,2000
45218,XiaomiM2007J3SG,12,bc:df:58:b8:ef:6f,0,3918,574,8,7,2000
45723,XiaomiM2007J3SG,12,bc:df:58:b8:ef:6f,0,4367,655,8,7,2000
46232,XiaomiM2007J3SG,12,bc:df:58:b8:ef:6f,0,4255,657,8,7,2000
46738,XiaomiM2007J3SG,12,bc:df:58:b8:ef:6f,0,4416,724,8,7,2000
47243,XiaomiM2007J3SG,12,bc:df:58:b8:ef:6f,0,3935,418,8,7,2000
47759,XiaomiM2007J3SG,12,bc:df:58:b8:ef:6f,0,4426,524,8,7,2000
48270,XiaomiM2007J3SG,12,bc:df:58:b8:ef:6f,0,4175,684,8,7,2000
48772,XiaomiM2007J3SG,12,bc:df:58:b8:ef:6f,0,4214,753,8,7,2000
49269,XiaomiM2007J3SG,12,bc:df:58:b8:ef:6f,0,3979,302,8,7,2000
49794,XiaomiM2007J3SG,12,bc:df:58:b8:ef:6f,0,4211,774,8,7,2000
50307,XiaomiM2007J3SG,12,bc:df:58:b8:ef:6f,0,3781,228,8,7,2000
50814,XiaomiM2007J3SG,12,bc:df:58:b8:ef:6f,0,3811,229,8,7,2000
51327,XiaomiM2007J3SG,12,bc:df:58:b8:ef:6f,0,4211,642,8,7,2000
51835,XiaomiM2007J3SG,12,bc:df:58:b8:ef:6f,0,4204,705,8,7,2000
52345,XiaomiM2007J3SG,12,bc:df:58:b8:ef:6f,0,4189,715,8,7,2000
52849,XiaomiM2007J3SG,12,bc:df:58:b8:ef:6f,0,3991,518,8,7,2000
53360,XiaomiM2007J3SG,12,bc:df:58:b8:ef:6f,0,4082,640,8,7,2000
53868,XiaomiM2007J3SG,12,bc:df:58:b8:ef:6f,0,4199,847,8,7,2000
54376,XiaomiM2007J3SG,12,bc:df:58:b8:ef:6f,0,4065,431,8,7,2000
54883,XiaomiM2007J3SG,12,bc:df:58:b8:ef:6f,0,4204,713,8,7,2000
55395,XiaomiM2007J3SG,12,bc:df:58:b8:ef:6f,0,4133,641,8,7,2000
55907,XiaomiM2007J3SG,12,bc:df:58:b8:ef:6f,0,3769,280,8,7,2000
56419,XiaomiM2007J3SG,12,bc:df:58:b8:ef:6f,0,5088,969,8,7,2000
56935,XiaomiM2007J3SG,12,bc:df:58:b8:ef:6f,0,4692,175,8,7,2000
57433,XiaomiM2007J3SG,12,bc:df:58:b8:ef:6f,0,4243,612,8,7,2000
57939,XiaomiM2007J3SG,12,bc:df:58:b8:ef:6f,0,4350,802,8,7,2000
58452,XiaomiM2007J3SG,12,bc:df:58:b8:ef:6f,0,4440,750,8,7,2000
58960,XiaomiM2007J3SG,12,bc:df:58:b8:ef:6f,0,3745,231,8,7,2000
59471,XiaomiM2007J3SG,12,bc:df:58:b8:ef:6f,0,3991,649,8,7,2000
59982,XiaomiM2007J3SG,12,bc:df:58:b8:ef:6f,0,4306,579,8,7,2000
60487,XiaomiM2007J3SG,12,bc:df:58:b8:ef:6f,0,4321,763,8,7,2000
60997,XiaomiM2007J3SG,12,bc:df:58:b8:ef:6f,0,4360,656,8,7,2000
61504,XiaomiM2007J3SG,12,bc:df:58:b8:ef:6f,0,4585,775,8,7,2000
62017,XiaomiM2007J3SG,12,bc:df:58:b8:ef:6f,0,3999,787,8,7,2000
62525,XiaomiM2007J3SG,12,bc:df:58:b8:ef:6f,0,4152,605,8,7,2000
63034,XiaomiM2007J3SG,12,bc:df:58:b8:ef:6f,0,3999,656,8,7,2000
63540,XiaomiM2007J3SG,12,bc:df:58:b8:ef:6f,0,3872,355,8,7,2000
64054,XiaomiM2007J3SG,12,bc:df:58:b8:ef:6f,0,4233,549,8,7,2000
64546,XiaomiM2007J3SG,12,bc:df:58:b8:ef:6f,0,4533,770,8,7,2000
65072,XiaomiM2007J3SG,12,bc:df:58:b8:ef:6f,0,3969,694,8,7,2000
65580,XiaomiM2007J3SG,12,bc:df:58:b8:ef:6f,0,4240,686,8,7,2000
66088,XiaomiM2007J3SG,12,bc:df:58:b8:ef:6f,0,4387,667,8,7,2000
66596,XiaomiM2007J3SG,12,bc:df:58:b8:ef:6f,0,4123,634,8,7,2000
67105,XiaomiM2007J3SG,12,bc:df:58:b8:ef:6f,0,4651,627,8,7,2000
67612,XiaomiM2007J3SG,12,bc:df:58:b8:ef:6f,0,4104,846,8,7,2000
68126,XiaomiM2007J3SG,12,bc:df:58:b8:ef:6f,0,4079,675,8,7,2000
68640,XiaomiM2007J3SG,12,bc:df:58:b8:ef:6f,0,4065,685,8,7,2000
69145,XiaomiM2007J3SG,12,bc:df:58:b8:ef:6f,0,3977,504,8,7,2000
69655,XiaomiM2007J3SG,12,bc:df:58:b8:ef:6f,0,4101,671,8,7,2000
70160,XiaomiM2007J3SG,12,bc:df:58:b8:ef:6f,0,4079,633,8,7,2000
70656,XiaomiM2007J3SG,12,bc:df:58:b8:ef:6f,0,4431,682,8,7,2000
71184,XiaomiM2007J3SG,12,bc:df:58:b8:ef:6f,0,4570,855,8,7,2000
71690,XiaomiM2007J3SG,12,bc:df:58:b8:ef:6f,0,4331,673,8,7,2000
72197,XiaomiM2007J3SG,12,bc:df:58:b8:ef:6f,0,4038,595,8,7,2000
72704,XiaomiM2007J3SG,12,bc:df:58:b8:ef:6f,0,3977,567,8,7,2000
73210,XiaomiM2007J3SG,12,bc:df:58:b8:ef:6f,0,4272,676,8,7,2000
73730,XiaomiM2007J3SG,12,bc:df:58:b8:ef:6f,0,4197,721,8,7,2000
74248,XiaomiM2007J3SG,12,bc:df:58:b8:ef:6f,0,4174,667,8,7,2000
74752,XiaomiM2007J3SG,12,bc:df:58:b8:ef:6f,0,4133,593,8,7,2000
75265,XiaomiM2007J3SG,12,bc:df:58:b8:ef:6f,0,4411,705,8,7,2000
75777,XiaomiM2007J3SG,12,bc:df:58:b8:ef:6f,0,4265,657,8,7,2000
76303,XiaomiM2007J3SG,12,bc:df:58:b8:ef:6f,0,4138,580,8,7,2000
76799,XiaomiM2007J3SG,12,bc:df:58:b8:ef:6f,0,4731,1047,8,7,2000
77311,XiaomiM2007J3SG,12,bc:df:58:b8:ef:6f,0,4011,479,8,7,2000
77811,XiaomiM2007J3SG,12,bc:df:58:b8:ef:6f,0,4140,818,8,7,2000
78322,XiaomiM2007J3SG,12,bc:df:58:b8:ef:6f,0,4365,672,8,7,2000
78826,XiaomiM2007J3SG,12,bc:df:58:b8:ef:6f,0,4109,612,8,7,2000
79340,XiaomiM2007J3SG,12,bc:df:58:b8:ef:6f,0,4057,643,8,7,2000
79853,XiaomiM2007J3SG,12,bc:df:58:b8:ef:6f,0,4360,613,8,7,2000
80357,XiaomiM2007J3SG,12,bc:df:58:b8:ef:6f,0,3889,598,8,7,2000
80864,XiaomiM2007J3SG,12,bc:df:58:b8:ef:6f,0,4270,593,8,7,2000
81374,XiaomiM2007J3SG,12,bc:df:58:b8:ef:6f,0,4477,800,8,7,2000
81881,XiaomiM2007J3SG,12,bc:df:58:b8:ef:6f,0,3972,624,8,7,2000
82389,XiaomiM2007J3SG,12,bc:df:58:b8:ef:6f,0,4045,563,8,7,2000
82899,XiaomiM2007J3SG,12,bc:df:58:b8:ef:6f,0,4023,602,8,7,2000
83408,XiaomiM2007J3SG,12,bc:df:58:b8:ef:6f,0,4448,811,8,7,2000
83916,XiaomiM2007J3SG,12,bc:df:58:b8:ef:6f,0,4287,668,8,7,2000
84422,XiaomiM2007J3SG,12,bc:df:58:b8:ef:6f,0,4050,653,8,7,2000
84934,XiaomiM2007J3SG,12,bc:df:58:b8:ef:6f,0,4284,732,8,7,2000
85444,XiaomiM2007J3SG,12,bc:df:58:b8:ef:6f,0,4323,666,8,7,2000
85953,XiaomiM2007J3SG,12,bc:df:58:b8:ef:6f,0,4272,687,8,7,2000
86460,XiaomiM2007J3SG,12,bc:df:58:b8:ef:6f,0,4541,583,8,7,2000
86973,XiaomiM2007J3SG,12,bc:df:58:b8:ef:6f,0,4057,678,8,7,2000
87479,XiaomiM2007J3SG,12,bc:df:58:b8:ef:6f,0,4404,654,8,7,2000
87987,XiaomiM2007J3SG,12,bc:df:58:b8:ef:6f,0,4131,537,8,7,2000
88500,XiaomiM2007J3SG,12,bc:df:58:b8:ef:6f,0,4387,702,8,7,2000
89014,XiaomiM2007J3SG,12,bc:df:58:b8:ef:6f,0,3627,175,8,4,2000
89524,XiaomiM2007J3SG,12,bc:df:58:b8:ef:6f,0,4343,791,8,7,2000
90029,XiaomiM2007J3SG,12,bc:df:58:b8:ef:6f,0,3823,323,8,7,2000
90544,XiaomiM2007J3SG,12,bc:df:58:b8:ef:6f,0,3935,570,8,7,2000
91048,XiaomiM2007J3SG,12,bc:df:58:b8:ef:6f,0,4177,698,8,7,2000
91557,XiaomiM2007J3SG,12,bc:df:58:b8:ef:6f,0,4211,704,8,7,2000
92060,XiaomiM2007J3SG,12,bc:df:58:b8:ef:6f,0,4131,682,8,7,2000
92567,XiaomiM2007J3SG,12,bc:df:58:b8:ef:6f,0,3879,348,8,7,2000
93085,XiaomiM2007J3SG,12,bc:df:58:b8:ef:6f,0,4226,655,8,7,2000
93592,XiaomiM2007J3SG,12,bc:df:58:b8:ef:6f,0,5087,991,8,7,2000
94104,XiaomiM2007J3SG,12,bc:df:58:b8:ef:6f,0,4140,596,8,7,2000
94589,XiaomiM2007J3SG,12,bc:df:58:b8:ef:6f,0,4255,701,8,7,2000
95121,XiaomiM2007J3SG,12,bc:df:58:b8:ef:6f,0,4013,577,8,7,2000
95628,XiaomiM2007J3SG,12,bc:df:58:b8:ef:6f,0,4108,681,8,7,2000
96140,XiaomiM2007J3SG,12,bc:df:58:b8:ef:6f,0,4360,616,8,7,2000
96645,XiaomiM2007J3SG,12,bc:df:58:b8:ef:6f,0,4306,738,8,7,2000
97151,XiaomiM2007J3SG,12,bc:df:58:b8:ef:6f,0,4189,738,8,7,2000
97667,XiaomiM2007J3SG,12,bc:df:58:b8:ef:6f,0,4160,633,8,7,2000
98175,XiaomiM2007J3SG,12,bc:df:58:b8:ef:6f,0,4125,670,8,7,2000
98688,XiaomiM2007J3SG,12,bc:df:58:b8:ef:6f,0,3984,751,8,7,2000
99195,XiaomiM2007J3SG,12,bc:df:58:b8:ef:6f,0,4072,642,8,7,2000
99702,XiaomiM2007J3SG,12,bc:df:58:b8:ef:6f,0,3999,714,8,7,2000
100211,XiaomiM2007J3SG,12,bc:df:58:b8:ef:6f,0,4250,737,8,7,2000
100723,XiaomiM2007J3SG,12,bc:df:58:b8:ef:6f,0,4096,594,8,7,2000
101233,XiaomiM2007J3SG,12,bc:df:58:b8:ef:6f,0,4079,645,8,7,2000
101744,XiaomiM2007J3SG,12,bc:df:58:b8:ef:6f,0,4218,759,8,7,2000
102249,XiaomiM2007J3SG,12,bc:df:58:b8:ef:6f,0,4306,769,8,7,2000
102759,XiaomiM2007J3SG,12,bc:df:58:b8:ef:6f,0,3872,312,8,7,2000
103270,XiaomiM2007J3SG,12,bc:df:58:b8:ef:6f,0,4043,600,8,7,2000
103789,XiaomiM2007J3SG,12,bc:df:58:b8:ef:6f,0,3784,98,8,6,2000
104285,XiaomiM2007J3SG,12,bc:df:58:b8:ef:6f,0,4236,777,8,7,2000
104801,XiaomiM2007J3SG,12,bc:df:58:b8:ef:6f,0,4419,729,8,7,2000
105820,XiaomiM2007J3SG,12,bc:df:58:b8:ef:6f,0,3970,0,8,1,2000
106326,XiaomiM2007J3SG,12,bc:df:58:b8:ef:6f,0,3540,117,8,4,2000
106837,XiaomiM2007J3SG,12,bc:df:58:b8:ef:6f,0,4006,682,8,7,2000
107345,XiaomiM2007J3SG,12,bc:df:58:b8:ef:6f,0,4336,685,8,7,2000
107851,XiaomiM2007J3SG,12,bc:df:58:b8:ef:6f,0,4030,572,8,7,2000
108359,XiaomiM2007J3SG,12,bc:df:58:b8:ef:6f,0,4162,664,8,7,2000
108867,XiaomiM2007J3SG,12,bc:df:58:b8:ef:6f,0,4345,768,8,7,2000
109380,XiaomiM2007J3SG,12,bc:df:58:b8:ef:6f,0,4394,641,8,7,2000
109871,XiaomiM2007J3SG,12,bc:df:58:b8:ef:6f,0,4131,523,8,7,2000
110400,XiaomiM2007J3SG,12,bc:df:58:b8:ef:6f,0,4365,808,8,7,2000
110903,XiaomiM2007J3SG,12,bc:df:58:b8:ef:6f,0,3940,544,8,7,2000
111415,XiaomiM2007J3SG,12,bc:df:58:b8:ef:6f,0,4174,629,8,7,2000
111925,XiaomiM2007J3SG,12,bc:df:58:b8:ef:6f,0,4145,652,8,7,2000
112439,XiaomiM2007J3SG,12,bc:df:58:b8:ef:6f,0,4243,610,8,7,2000
112947,XiaomiM2007J3SG,12,bc:df:58:b8:ef:6f,0,4353,759,8,7,2000
113458,XiaomiM2007J3SG,12,bc:df:58:b8:ef:6f,0,4089,697,8,7,2000
113970,XiaomiM2007J3SG,12,bc:df:58:b8:ef:6f,0,4245,706,8,7,2000
114471,XiaomiM2007J3SG,12,bc:df:58:b8:ef:6f,0,4358,640,8,7,2000
114981,XiaomiM2007J3SG,12,bc:df:58:b8:ef:6f,0,3789,262,8,7,2000
115489,XiaomiM2007J3SG,12,bc:df:58:b8:ef:6f,0,4160,594,8,7,2000
115999,XiaomiM2007J3SG,12,bc:df:58:b8:ef:6f,0,4145,603,8,7,2000
116505,XiaomiM2007J3SG,12,bc:df:58:b8:ef:6f,0,3977,639,8,7,2000
117017,XiaomiM2007J3SG,12,bc:df:58:b8:ef:6f,0,4277,810,8,7,2000
117527,XiaomiM2007J3SG,12,bc:df:58:b8:ef:6f,0,4309,706,8,7,2000
118036,XiaomiM2007J3SG,12,bc:df:58:b8:ef:6f,0,4079,692,8,7,2000
118545,XiaomiM2007J3SG,12,bc:df:58:b8:ef:6f,0,4570,694,8,7,2000
119058,XiaomiM2007J3SG,12,bc:df:58:b8:ef:6f,0,4323,824,8,7,2000
119569,XiaomiM2007J3SG,12,bc:df:58:b8:ef:6f,0,4204,636,8,7,2000
0,XiaomiM2007J3SG,12,bc:df:58:b8:ef:6f,0,5102,731,8,7,3000
504,XiaomiM2007J3SG,12,bc:df:58:b8:ef:6f,0,5061,643,8,7,3000
1012,XiaomiM2007J3SG,12,bc:df:58:b8:ef:6f,0,4907,646,8,7,3000
1519,XiaomiM2007J3SG,12,bc:df:58:b8:ef:6f,0,4931,617,8,7,3000
2012,XiaomiM2007J3SG,12,bc:df:58:b8:ef:6f,0,4917,589,8,7,3000
2531,XiaomiM2007J3SG,12,bc:df:58:b8:ef:6f,0,4822,574,8,7,3000
3032,XiaomiM2007J3SG,12,bc:df:58:b8:ef:6f,0,5114,702,8,7,3000
3539,XiaomiM2007J3SG,12,bc:df:58:b8:ef:6f,0,4988,499,8,7,3000
4045,XiaomiM2007J3SG,12,bc:df:58:b8:ef:6f,0,5007,560,8,7,3000
4557,XiaomiM2007J3SG,12,bc:df:58:b8:ef:6f,0,4729,491,8,7,3000
5073,XiaomiM2007J3SG,12,bc:df:58:b8:ef:6f,0,5322,752,8,7,3000
5573,XiaomiM2007J3SG,12,bc:df:58:b8:ef:6f,0,4827,664,8,7,3000
6083,XiaomiM2007J3SG,12,bc:df:58:b8:ef:6f,0,5070,685,8,7,3000
6584,XiaomiM2007J3SG,12,bc:df:58:b8:ef:6f,0,4643,567,8,7,3000
7090,XiaomiM2007J3SG,12,bc:df:58:b8:ef:6f,0,4900,673,8,7,3000
7600,XiaomiM2007J3SG,12,bc:df:58:b8:ef:6f,0,5024,713,8,7,3000
8108,XiaomiM2007J3SG,12,bc:df:58:b8:ef:6f,0,5239,362,8,7,3000
8619,XiaomiM2007J3SG,12,bc:df:58:b8:ef:6f,0,5119,654,8,7,3000
9126,XiaomiM2007J3SG,12,bc:df:58:b8:ef:6f,0,4804,797,8,7,3000
9635,XiaomiM2007J3SG,12,bc:df:58:b8:ef:6f,0,4770,537,8,7,3000
10139,XiaomiM2007J3SG,12,bc:df:58:b8:ef:6f,0,4716,530,8,7,3000
10650,XiaomiM2007J3SG,12,bc:df:58:b8:ef:6f,0,4829,541,8,7,3000
11157,XiaomiM2007J3SG,12,bc:df:58:b8:ef:6f,0,4951,700,8,7,3000
11666,XiaomiM2007J3SG,12,bc:df:58:b8:ef:6f,0,5019,670,8,7,3000
12160,XiaomiM2007J3SG,12,bc:df:58:b8:ef:6f,0,4973,553,8,7,3000
12661,XiaomiM2007J3SG,12,bc:df:58:b8:ef:6f,0,4758,603,8,7,3000
13171,XiaomiM2007J3SG,12,bc:df:58:b8:ef:6f,0,5043,641,8,7,3000
13678,XiaomiM2007J3SG,12,bc:df:58:b8:ef:6f,0,4970,533,8,7,3000
14181,XiaomiM2007J3SG,12,bc:df:58:b8:ef:6f,0,4977,838,8,7,3000
14715,XiaomiM2007J3SG,12,bc:df:58:b8:ef:6f,0,4008,0,8,2,3000
15227,XiaomiM2007J3SG,12,bc:df:58:b8:ef:6f,0,4838,651,8,5,3000
16228,XiaomiM2007J3SG,12,bc:df:58:b8:ef:6f,0,5149,635,8,7,3000
16736,XiaomiM2007J3SG,12,bc:df:58:b8:ef:6f,0,4851,696,8,7,3000
17242,XiaomiM2007J3SG,12,bc:df:58:b8:ef:6f,0,5046,650,8,7,3000
17753,XiaomiM2007J3SG,12,bc:df:58:b8:ef:6f,0,5002,552,8,7,3000
18257,XiaomiM2007J3SG,12,bc:df:58:b8:ef:6f,0,4870,724,8,7,3000
18765,XiaomiM2007J3SG,12,bc:df:58:b8:ef:6f,0,4792,603,8,7,3000
19277,XiaomiM2007J3SG,12,bc:df:58:b8:ef:6f,0,4719,450,8,7,3000
19784,XiaomiM2007J3SG,12,bc:df:58:b8:ef:6f,0,5039,587,8,7,3000
20296,XiaomiM2007J3SG,12,bc:df:58:b8:ef:6f,0,4987,783,8,7,3000
20806,XiaomiM2007J3SG,12,bc:df:58:b8:ef:6f,0,4995,671,8,7,3000
21312,XiaomiM2007J3SG,12,bc:df:58:b8:ef:6f,0,5173,659,8,7,3000
21821,XiaomiM2007J3SG,12,bc:df:58:b8:ef:6f,0,5141,595,8,7,3000
22332,XiaomiM2007J3SG,12,bc:df:58:b8:ef:6f,0,4841,664,8,7,3000
22838,XiaomiM2007J3SG,12,bc:df:58:b8:ef:6f,0,4790,486,8,7,3000
23345,XiaomiM2007J3SG,12,bc:df:58:b8:ef:6f,0,4951,636,8,7,3000
23854,XiaomiM2007J3SG,12,bc:df:58:b8:ef:6f,0,4987,672,8,7,3000
24865,XiaomiM2007J3SG,12,bc:df:58:b8:ef:6f,0,4233,0,8,1,3000
25363,XiaomiM2007J3SG,12,bc:df:58:b8:ef:6f,0,5188,729,8,7,3000
25878,XiaomiM2007J3SG,12,bc:df:58:b8:ef:6f,0,4792,454,8,7,3000
26386,XiaomiM2007J3SG,12,bc:df:58:b8:ef:6f,0,4902,604,8,7,3000
26897,XiaomiM2007J3SG,12,bc:df:58:b8:ef:6f,0,4836,715,8,7,3000
27395,XiaomiM2007J3SG,12,bc:df:58:b8:ef:6f,0,4997,821,8,7,3000
27920,XiaomiM2007J3SG,12,bc:df:58:b8:ef:6f,0,4765,426,8,7,3000
28431,XiaomiM2007J3SG,12,bc:df:58:b8:ef:6f,0,5153,823,8,7,3000
28928,XiaomiM2007J3SG,12,bc:df:58:b8:ef:6f,0,5056,502,8,7,3000
29455,XiaomiM2007J3SG,12,bc:df:58:b8:ef:6f,0,4682,526,8,7,3000
29952,XiaomiM2007J3SG,12,bc:df:58:b8:ef:6f,0,4748,617,8,7,3000
30456,XiaomiM2007J3SG,12,bc:df:58:b8:ef:6f,0,5068,697,8,7,3000
30975,XiaomiM2007J3SG,12,bc:df:58:b8:ef:6f,0,4931,636,8,7,3000
31475,XiaomiM2007J3SG,12,bc:df:58:b8:ef:6f,0,4848,483,8,7,3000
31975,XiaomiM2007J3SG,12,bc:df:58:b8:ef:6f,0,5185,587,8,7,3000
32489,XiaomiM2007J3SG,12,bc:df:58:b8:ef:6f,0,4643,438,8,7,3000
33003,XiaomiM2007J3SG,12,bc:df:58:b8:ef:6f,0,4858,478,8,7,3000
33514,XiaomiM2007J3SG,12,bc:df:58:b8:ef:6f,0,4944,751,8,7,3000
34011,XiaomiM2007J3SG,12,bc:df:58:b8:ef:6f,0,4663,546,8,7,3000
34528,XiaomiM2007J3SG,12,bc:df:58:b8:ef:6f,0,4848,515,8,7,3000
35029,XiaomiM2007J3SG,12,bc:df:58:b8:ef:6f,0,5010,557,8,7,3000
35536,XiaomiM2007J3SG,12,bc:df:58:b8:ef:6f,0,4797,605,8,7,3000
36052,XiaomiM2007J3SG,12,bc:df:58:b8:ef:6f,0,4990,605,8,7,3000
36555,XiaomiM2007J3SG,12,bc:df:58:b8:ef:6f,0,4748,661,8,7,3000
37065,XiaomiM2007J3SG,12,bc:df:58:b8:ef:6f,0,5085,480,8,7,3000
37580,XiaomiM2007J3SG,12,bc:df:58:b8:ef:6f,0,5061,657,8,7,3000
38097,XiaomiM2007J3SG,12,bc:df:58:b8:ef:6f,0,4565,493,8,7,3000
38592,XiaomiM2007J3SG,12,bc:df:58:b8:ef:6f,0,4973,729,8,7,3000
39101,XiaomiM2007J3SG,12,bc:df:58:b8:ef:6f,0,5149,685,8,7,3000
39616,XiaomiM2007J3SG,12,bc:df:58:b8:ef:6f,0,5193,623,8,7,3000
40124,XiaomiM2007J3SG,12,bc:df:58:b8:ef:6f,0,4797,606,8,7,3000
40633,XiaomiM2007J3SG,12,bc:df:58:b8:ef:6f,0,4804,498,8,7,3000
41147,XiaomiM2007J3SG,12,bc:df:58:b8:ef:6f,0,4951,686,8,7,3000
41656,XiaomiM2007J3SG,12,bc:df:58:b8:ef:6f,0,5078,597,8,7,3000
42160,XiaomiM2007J3SG,12,bc:df:58:b8:ef:6f,0,5522,1091,8,7,3000
42670,XiaomiM2007J3SG,12,bc:df:58:b8:ef:6f,0,4753,516,8,7,3000
43182,XiaomiM2007J3SG,12,bc:df:58:b8:ef:6f,0,4826,482,8,7,3000
43694,XiaomiM2007J3SG,12,bc:df:58:b8:ef:6f,0,4724,537,8,7,3000
44201,XiaomiM2007J3SG,12,bc:df:58:b8:ef:6f,0,5136,723,8,7,3000
44712,XiaomiM2007J3SG,12,bc:df:58:b8:ef:6f,0,5141,591,8,6,3000
45224,XiaomiM2007J3SG,12,bc:df:58:b8:ef:6f,0,4860,459,8,7,3000
45737,XiaomiM2007J3SG,12,bc:df:58:b8:ef:6f,0,4853,597,8,7,3000
46245,XiaomiM2007J3SG,12,bc:df:58:b8:ef:6f,0,4721,542,8,7,3000
46747,XiaomiM2007J3SG,12,bc:df:58:b8:ef:6f,0,5444,408,8,7,3000
47254,XiaomiM2007J3SG,12,bc:df:58:b8:ef:6f,0,5151,590,8,7,3000
47761,XiaomiM2007J3SG,12,bc:df:58:b8:ef:6f,0,4790,474,8,7,3000
48275,XiaomiM2007J3SG,12,bc:df:58:b8:ef:6f,0,4807,710,8,7,3000
48783,XiaomiM2007J3SG,12,bc:df:58:b8:ef:6f,0,4731,504,8,7,3000
49294,XiaomiM2007J3SG,12,bc:df:58:b8:ef:6f,0,5009,715,8,7,3000
49803,XiaomiM2007J3SG,12,bc:df:58:b8:ef:6f,0,5144,673,8,7,3000
50306,XiaomiM2007J3SG,12,bc:df:58:b8:ef:6f,0,5244,715,8,7,3000
50820,XiaomiM2007J3SG,12,bc:df:58:b8:ef:6f,0,4907,636,8,7,3000
51330,XiaomiM2007J3SG,12,bc:df:58:b8:ef:6f,0,4790,432,8,7,3000
51819,XiaomiM2007J3SG,12,bc:df:58:b8:ef:6f,0,4587,498,8,7,3000
52344,XiaomiM2007J3SG,12,bc:df:58:b8:ef:6f,0,4633,526,8,7,3000
52853,XiaomiM2007J3SG,12,bc:df:58:b8:ef:6f,0,4694,564,8,7,3000
53363,XiaomiM2007J3SG,12,bc:df:58:b8:ef:6f,0,5090,714,8,7,3000
53867,XiaomiM2007J3SG,12,bc:df:58:b8:ef:6f,0,5085,716,8,7,3000
54381,XiaomiM2007J3SG,12,bc:df:58:b8:ef:6f,0,4878,679,8,7,3000
54886,XiaomiM2007J3SG,12,bc:df:58:b8:ef:6f,0,4814,531,8,7,3000
55394,XiaomiM2007J3SG,12,bc:df:58:b8:ef:6f,0,4973,527,8,7,3000
55903,XiaomiM2007J3SG,12,bc:df:58:b8:ef:6f,0,5049,546,8,7,3000
56412,XiaomiM2007J3SG,12,bc:df:58:b8:ef:6f,0,5105,581,8,7,3000
56917,XiaomiM2007J3SG,12,bc:df:58:b8:ef:6f,0,5149,604,8,7,3000
57428,XiaomiM2007J3SG,12,bc:df:58:b8:ef:6f,0,5068,685,8,7,3000
57947,XiaomiM2007J3SG,12,bc:df:58:b8:ef:6f,0,5105,756,8,7,3000
58450,XiaomiM2007J3SG,12,bc:df:58:b8:ef:6f,0,4592,474,8,7,3000
58952,XiaomiM2007J3SG,12,bc:df:58:b8:ef:6f,0,4804,700,8,7,3000
59461,XiaomiM2007J3SG,12,bc:df:58:b8:ef:6f,0,4848,435,8,7,3000
59968,XiaomiM2007J3SG,12,bc:df:58:b8:ef:6f,0,5149,802,8,7,3000
60484,XiaomiM2007J3SG,12,bc:df:58:b8:ef:6f,0,4980,555,8,7,3000
60997,XiaomiM2007J3SG,12,bc:df:58:b8:ef:6f,0,4966,637,8,6,3000
61505,XiaomiM2007J3SG,12,bc:df:58:b8:ef:6f,0,5131,793,8,7,3000
62016,XiaomiM2007J3SG,12,bc:df:58:b8:ef:6f,0,4956,734,8,7,3000
62529,XiaomiM2007J3SG,12,bc:df:58:b8:ef:6f,0,4904,524,8,7,3000
63039,XiaomiM2007J3SG,12,bc:df:58:b8:ef:6f,0,5002,630,8,7,3000
63535,XiaomiM2007J3SG,12,bc:df:58:b8:ef:6f,0,5163,673,8,7,3000
64044,XiaomiM2007J3SG,12,bc:df:58:b8:ef:6f,0,4668,556,8,7,3000
64557,XiaomiM2007J3SG,12,bc:df:58:b8:ef:6f,0,4834,567,8,7,3000
65065,XiaomiM2007J3SG,12,bc:df:58:b8:ef:6f,0,4792,604,8,7,3000
65572,XiaomiM2007J3SG,12,bc:df:58:b8:ef:6f,0,5185,579,8,7,3000
66081,XiaomiM2007J3SG,12,bc:df:58:b8:ef:6f,0,4987,536,8,7,3000
66593,XiaomiM2007J3SG,12,bc:df:58:b8:ef:6f,0,5122,643,8,7,3000
67106,XiaomiM2007J3SG,12,bc:df:58:b8:ef:6f,0,5187,744,8,7,3000
67614,XiaomiM2007J3SG,12,bc:df:58:b8:ef:6f,0,5405,515,8,7,3000
68126,XiaomiM2007J3SG,12,bc:df:58:b8:ef:6f,0,5649,361,8,7,3000
68634,XiaomiM2007J3SG,12,bc:df:58:b8:ef:6f,0,4873,552,8,7,3000
69148,XiaomiM2007J3SG,12,bc:df:58:b8:ef:6f,0,4621,580,8,7,3000
69652,XiaomiM2007J3SG,12,bc:df:58:b8:ef:6f,0,4821,625,8,7,3000
70161,XiaomiM2007J3SG,12,bc:df:58:b8:ef:6f,0,4953,702,8,7,3000
70666,XiaomiM2007J3SG,12,bc:df:58:b8:ef:6f,0,5214,702,8,7,3000
71180,XiaomiM2007J3SG,12,bc:df:58:b8:ef:6f,0,4716,454,8,7,3000
71689,XiaomiM2007J3SG,12,bc:df:58:b8:ef:6f,0,4638,524,8,7,3000
72195,XiaomiM2007J3SG,12,bc:df:58:b8:ef:6f,0,5151,610,8,7,3000
72704,XiaomiM2007J3SG,12,bc:df:58:b8:ef:6f,0,5209,745,8,7,3000
73212,XiaomiM2007J3SG,12,bc:df:58:b8:ef:6f,0,4792,545,8,7,3000
73723,XiaomiM2007J3SG,12,bc:df:58:b8:ef:6f,0,4826,746,8,7,3000
74237,XiaomiM2007J3SG,12,bc:df:58:b8:ef:6f,0,4887,617,8,7,3000
74746,XiaomiM2007J3SG,12,bc:df:58:b8:ef:6f,0,4848,491,8,7,3000
75248,XiaomiM2007J3SG,12,bc:df:58:b8:ef:6f,0,5217,701,8,7,3000
75759,XiaomiM2007J3SG,12,bc:df:58:b8:ef:6f,0,4914,635,8,7,3000
76271,XiaomiM2007J3SG,12,bc:df:58:b8:ef:6f,0,5188,737,8,7,3000
76776,XiaomiM2007J3SG,12,bc:df:58:b8:ef:6f,0,4675,567,8,7,3000
77281,XiaomiM2007J3SG,12,bc:df:58:b8:ef:6f,0,4790,550,8,7,3000
77792,XiaomiM2007J3SG,12,bc:df:58:b8:ef:6f,0,5151,684,8,7,3000
78302,XiaomiM2007J3SG,12,bc:df:58:b8:ef:6f,0,5100,666,8,7,3000
78814,XiaomiM2007J3SG,12,bc:df:58:b8:ef:6f,0,4548,468,8,7,3000
79323,XiaomiM2007J3SG,12,bc:df:58:b8:ef:6f,0,4939,530,8,7,3000
79835,XiaomiM2007J3SG,12,bc:df:58:b8:ef:6f,0,4914,670,8,7,3000
80347,XiaomiM2007J3SG,12,bc:df:58:b8:ef:6f,0,4890,633,8,7,3000
80847,XiaomiM2007J3SG,12,bc:df:58:b8:ef:6f,0,4792,520,8,7,3000
81360,XiaomiM2007J3SG,12,bc:df:58:b8:ef:6f,0,4653,597,8,7,3000
81865,XiaomiM2007J3SG,12,bc:df:58:b8:ef:6f,0,5115,716,8,7,3000
82381,XiaomiM2007J3SG,12,bc:df:58:b8:ef:6f,0,4768,550,8,7,3000
82887,XiaomiM2007J3SG,12,bc:df:58:b8:ef:6f,0,4724,484,8,7,3000
83392,XiaomiM2007J3SG,12,bc:df:58:b8:ef:6f,0,4951,462,8,7,3000
83903,XiaomiM2007J3SG,12,bc:df:58:b8:ef:6f,0,5046,668,8,7,3000
84409,XiaomiM2007J3SG,12,bc:df:58:b8:ef:6f,0,4878,500,8,7,3000
84915,XiaomiM2007J3SG,12,bc:df:58:b8:ef:6f,0,5434,455,8,7,3000
85430,XiaomiM2007J3SG,12,bc:df:58:b8:ef:6f,0,5107,702,8,7,3000
85939,XiaomiM2007J3SG,12,bc:df:58:b8:ef:6f,0,4880,677,8,7,3000
86447,XiaomiM2007J3SG,12,bc:df:58:b8:ef:6f,0,4980,590,8,7,3000
86957,XiaomiM2007J3SG,12,bc:df:58:b8:ef:6f,0,5083,751,8,7,3000
87469,XiaomiM2007J3SG,12,bc:df:58:b8:ef:6f,0,4841,686,8,7,3000
87984,XiaomiM2007J3SG,12,bc:df:58:b8:ef:6f,0,5083,505,8,7,3000
88490,XiaomiM2007J3SG,12,bc:df:58:b8:ef:6f,0,4785,624,8,7,3000
88997,XiaomiM2007J3SG,12,bc:df:58:b8:ef:6f,0,5151,748,8,7,3000
89507,XiaomiM2007J3SG,12,bc:df:58:b8:ef:6f,0,4907,636,8,7,3000
90012,XiaomiM2007J3SG,12,bc:df:58:b8:ef:6f,0,5097,686,8,7,3000
90525,XiaomiM2007J3SG,12,bc:df:58:b8:ef:6f,0,4951,565,8,7,3000
91029,XiaomiM2007J3SG,12,bc:df:58:b8:ef:6f,0,5178,688,8,7,3000
91544,XiaomiM2007J3SG,12,bc:df:58:b8:ef:6f,0,4848,623,8,7,3000
92053,XiaomiM2007J3SG,12,bc:df:58:b8:ef:6f,0,4921,639,8,7,3000
92558,XiaomiM2007J3SG,12,bc:df:58:b8:ef:6f,0,4983,608,8,7,3000
93073,XiaomiM2007J3SG,12,bc:df:58:b8:ef:6f,0,5075,646,8,7,3000
93588,XiaomiM2007J3SG,12,bc:df:58:b8:ef:6f,0,4958,764,8,7,3000
94095,XiaomiM2007J3SG,12,bc:df:58:b8:ef:6f,0,4968,692,8,7,3000
94602,XiaomiM2007J3SG,12,bc:df:58:b8:ef:6f,0,4680,491,8,7,3000
95112,XiaomiM2007J3SG,12,bc:df:58:b8:ef:6f,0,4792,707,8,7,3000
95617,XiaomiM2007J3SG,12,bc:df:58:b8:ef:6f,0,4987,790,8,7,3000
96128,XiaomiM2007J3SG,12,bc:df:58:b8:ef:6f,0,4973,770,8,7,3000
96638,XiaomiM2007J3SG,12,bc:df:58:b8:ef:6f,0,4990,720,8,7,3000
97143,XiaomiM2007J3SG,12,bc:df:58:b8:ef:6f,0,4990,599,8,7,3000
97658,XiaomiM2007J3SG,12,bc:df:58:b8:ef:6f,0,5002,703,8,7,3000
98168,XiaomiM2007J3SG,12,bc:df:58:b8:ef:6f,0,4997,566,8,7,3000
98676,XiaomiM2007J3SG,12,bc:df:58:b8:ef:6f,0,4983,698,8,7,3000
99188,XiaomiM2007J3SG,12,bc:df:58:b8:ef:6f,0,4983,588,8,7,3000
99701,XiaomiM2007J3SG,12,bc:df:58:b8:ef:6f,0,4877,686,8,7,3000
100194,XiaomiM2007J3SG,12,bc:df:58:b8:ef:6f,0,4829,504,8,7,3000
100703,XiaomiM2007J3SG,12,bc:df:58:b8:ef:6f,0,4731,558,8,7,3000
101208,XiaomiM2007J3SG,12,bc:df:58:b8:ef:6f,0,4848,505,8,7,3000
101716,XiaomiM2007J3SG,12,bc:df:58:b8:ef:6f,0,4760,522,8,7,3000
102208,XiaomiM2007J3SG,12,bc:df:58:b8:ef:6f,0,4721,455,8,7,3000
102737,XiaomiM2007J3SG,12,bc:df:58:b8:ef:6f,0,4921,493,8,7,3000
103245,XiaomiM2007J3SG,12,bc:df:58:b8:ef:6f,0,4775,742,8,7,3000
103750,XiaomiM2007J3SG,12,bc:df:58:b8:ef:6f,0,4851,586,8,7,3000
104256,XiaomiM2007J3SG,12,bc:df:58:b8:ef:6f,0,4687,464,8,7,3000
104765,XiaomiM2007J3SG,12,bc:df:58:b8:ef:6f,0,4697,620,8,7,3000
105276,XiaomiM2007J3SG,12,bc:df:58:b8:ef:6f,0,4768,530,8,7,3000
105776,XiaomiM2007J3SG,12,bc:df:58:b8:ef:6f,0,4777,702,8,7,3000
106284,XiaomiM2007J3SG,12,bc:df:58:b8:ef:6f,0,4958,574,8,7,3000
106793,XiaomiM2007J3SG,12,bc:df:58:b8:ef:6f,0,4873,526,8,7,3000
107296,XiaomiM2007J3SG,12,bc:df:58:b8:ef:6f,0,4988,634,8,7,3000
107805,XiaomiM2007J3SG,12,bc:df:58:b8:ef:6f,0,4812,738,8,7,3000
108312,XiaomiM2007J3SG,12,bc:df:58:b8:ef:6f,0,5017,534,8,7,3000
108818,XiaomiM2007J3SG,12,bc:df:58:b8:ef:6f,0,4856,757,8,7,3000
109326,XiaomiM2007J3SG,12,bc:df:58:b8:ef:6f,0,5612,809,8,7,3000
109845,XiaomiM2007J3SG,12,bc:df:58:b8:ef:6f,0,4839,690,8,5,3000
110355,XiaomiM2007J3SG,12,bc:df:58:b8:ef:6f,0,5773,548,8,6,3000
110846,XiaomiM2007J3SG,12,bc:df:58:b8:ef:6f,0,4929,669,8,7,3000
111360,XiaomiM2007J3SG,12,bc:df:58:b8:ef:6f,0,4995,691,8,7,3000
111869,XiaomiM2007J3SG,12,bc:df:58:b8:ef:6f,0,4653,550,8,7,3000
112378,XiaomiM2007J3SG,12,bc:df:58:b8:ef:6f,0,4990,669,8,7,3000
112880,XiaomiM2007J3SG,12,bc:df:58:b8:ef:6f,0,4892,723,8,7,3000
113390,XiaomiM2007J3SG,12,bc:df:58:b8:ef:6f,0,4734,653,8,7,3000
113896,XiaomiM2007J3SG,12,bc:df:58:b8:ef:6f,0,4653,527,8,7,3000
114407,XiaomiM2007J3SG,12,bc:df:58:b8:ef:6f,0,5100,665,8,7,3000
114919,XiaomiM2007J3SG,12,bc:df:58:b8:ef:6f,0,5061,580,8,7,3000
115423,XiaomiM2007J3SG,12,bc:df:58:b8:ef:6f,0,4936,777,8,7,3000
115938,XiaomiM2007J3SG,12,bc:df:58:b8:ef:6f,0,4829,525,8,7,3000
116447,XiaomiM2007J3SG,12,bc:df:58:b8:ef:6f,0,5010,610,8,7,3000
116952,XiaomiM2007J3SG,12,bc:df:58:b8:ef:6f,0,5170,760,8,7,3000
117454,XiaomiM2007J3SG,12,bc:df:58:b8:ef:6f,0,4753,522,8,7,3000
117972,XiaomiM2007J3SG,12,bc:df:58:b8:ef:6f,0,4895,595,8,7,3000
118483,XiaomiM2007J3SG,12,bc:df:58:b8:ef:6f,0,4958,495,8,7,3000
118991,XiaomiM2007J3SG,12,bc:df:58:b8:ef:6f,0,4519,548,8,7,3000
119495,XiaomiM2007J3SG,12,bc:df:58:b8:ef:6f,0,4689,609,8,7,3000
0,XiaomiM2007J3SG,12,bc:df:58:b8:ef:6f,0,7236,608,8,7,4000
455,XiaomiM2007J3SG,12,bc:df:58:b8:ef:6f,0,6584,688,8,7,4000
968,XiaomiM2007J3SG,12,bc:df:58:b8:ef:6f,0,6206,515,8,7,4000
1478,XiaomiM2007J3SG,12,bc:df:58:b8:ef:6f,0,6550,711,8,7,4000
2000,XiaomiM2007J3SG,12,bc:df:58:b8:ef:6f,0,6623,672,8,7,4000
2490,XiaomiM2007J3SG,12,bc:df:58:b8:ef:6f,0,5956,491,8,7,4000
3007,XiaomiM2007J3SG,12,bc:df:58:b8:ef:6f,0,6328,559,8,7,4000
3512,XiaomiM2007J3SG,12,bc:df:58:b8:ef:6f,0,6396,701,8,7,4000
4031,XiaomiM2007J3SG,12,bc:df:58:b8:ef:6f,0,6482,530,8,7,4000
4532,XiaomiM2007J3SG,12,bc:df:58:b8:ef:6f,0,6196,792,8,7,4000
5044,XiaomiM2007J3SG,12,bc:df:58:b8:ef:6f,0,6711,655,8,7,4000
5554,XiaomiM2007J3SG,12,bc:df:58:b8:ef:6f,0,6152,592,8,7,4000
6063,XiaomiM2007J3SG,12,bc:df:58:b8:ef:6f,0,6198,402,8,7,4000
6566,XiaomiM2007J3SG,12,bc:df:58:b8:ef:6f,0,6133,485,8,7,4000
7072,XiaomiM2007J3SG,12,bc:df:58:b8:ef:6f,0,6233,532,8,7,4000
7575,XiaomiM2007J3SG,12,bc:df:58:b8:ef:6f,0,6196,600,8,7,4000
8086,XiaomiM2007J3SG,12,bc:df:58:b8:ef:6f,0,6499,687,8,7,4000
8588,XiaomiM2007J3SG,12,bc:df:58:b8:ef:6f,0,6162,536,8,7,4000
9097,XiaomiM2007J3SG,12,bc:df:58:b8:ef:6f,0,6184,526,8,7,4000
9610,XiaomiM2007J3SG,12,bc:df:58:b8:ef:6f,0,6416,501,8,7,4000
10112,XiaomiM2007J3SG,12,bc:df:58:b8:ef:6f,0,6462,790,8,7,4000
10626,XiaomiM2007J3SG,12,bc:df:58:b8:ef:6f,0,6748,613,8,7,4000
11136,XiaomiM2007J3SG,12,bc:df:58:b8:ef:6f,0,6677,736,8,7,4000
11636,XiaomiM2007J3SG,12,bc:df:58:b8:ef:6f,0,6277,657,8,7,4000
12139,XiaomiM2007J3SG,12,bc:df:58:b8:ef:6f,0,6367,601,8,7,4000
12647,XiaomiM2007J3SG,12,bc:df:58:b8:ef:6f,0,6628,862,8,7,4000
13160,XiaomiM2007J3SG,12,bc:df:58:b8:ef:6f,0,6518,695,8,7,4000
13666,XiaomiM2007J3SG,12,bc:df:58:b8:ef:6f,0,6277,539,8,7,4000
14175,XiaomiM2007J3SG,12,bc:df:58:b8:ef:6f,0,6606,491,8,7,4000
14682,XiaomiM2007J3SG,12,bc:df:58:b8:ef:6f,0,6528,658,8,7,4000
15194,XiaomiM2007J3SG,12,bc:df:58:b8:ef:6f,0,6474,776,8,3,4000
15691,XiaomiM2007J3SG,12,bc:df:58:b8:ef:6f,0,6382,660,8,7,4000
16203,XiaomiM2007J3SG,12,bc:df:58:b8:ef:6f,0,6394,735,8,7,4000
16712,XiaomiM2007J3SG,12,bc:df:58:b8:ef:6f,0,6225,610,8,7,4000
17216,XiaomiM2007J3SG,12,bc:df:58:b8:ef:6f,0,6320,716,8,7,4000
17723,XiaomiM2007J3SG,12,bc:df:58:b8:ef:6f,0,6359,777,8,7,4000
18235,XiaomiM2007J3SG,12,bc:df:58:b8:ef:6f,0,6337,749,8,7,4000
18736,XiaomiM2007J3SG,12,bc:df:58:b8:ef:6f,0,6313,609,8,7,4000
19254,XiaomiM2007J3SG,12,bc:df:58:b8:ef:6f,0,6242,717,8,7,4000
19758,XiaomiM2007J3SG,12,bc:df:58:b8:ef:6f,0,6242,532,8,7,4000
20268,XiaomiM2007J3SG,12,bc:df:58:b8:ef:6f,0,6570,721,8,7,4000
20777,XiaomiM2007J3SG,12,bc:df:58:b8:ef:6f,0,6564,712,8,7,4000
21277,XiaomiM2007J3SG,12,bc:df:58:b8:ef:6f,0,6657,785,8,7,4000
21788,XiaomiM2007J3SG,12,bc:df:58:b8:ef:6f,0,6616,664,8,7,4000
22304,XiaomiM2007J3SG,12,bc:df:58:b8:ef:6f,0,6167,594,8,7,4000
22805,XiaomiM2007J3SG,12,bc:df:58:b8:ef:6f,0,6445,719,8,7,4000
23325,XiaomiM2007J3SG,12,bc:df:58:b8:ef:6f,0,6501,659,8,7,4000
23818,XiaomiM2007J3SG,12,bc:df:58:b8:ef:6f,0,6572,553,8,7,4000
24330,XiaomiM2007J3SG,12,bc:df:58:b8:ef:6f,0,6682,660,8,7,4000
24830,XiaomiM2007J3SG,12,bc:df:58:b8:ef:6f,0,6460,524,8,7,4000
25339,XiaomiM2007J3SG,12,bc:df:58:b8:ef:6f,0,6364,533,8,7,4000
25848,XiaomiM2007J3SG,12,bc:df:58:b8:ef:6f,0,6198,451,8,7,4000
26356,XiaomiM2007J3SG,12,bc:df:58:b8:ef:6f,0,6240,489,8,7,4000
26855,XiaomiM2007J3SG,12,bc:df:58:b8:ef:6f,0,6323,542,8,7,4000
27370,XiaomiM2007J3SG,12,bc:df:58:b8:ef:6f,0,6167,315,8,7,4000
27875,XiaomiM2007J3SG,12,bc:df:58:b8:ef:6f,0,6496,745,8,7,4000
28386,XiaomiM2007J3SG,12,bc:df:58:b8:ef:6f,0,6613,823,8,7,4000
28891,XiaomiM2007J3SG,12,bc:df:58:b8:ef:6f,0,6401,444,8,7,4000
29407,XiaomiM2007J3SG,12,bc:df:58:b8:ef:6f,0,6438,543,8,7,4000
29913,XiaomiM2007J3SG,12,bc:df:58:b8:ef:6f,0,6115,559,8,7,4000
30423,XiaomiM2007J3SG,12,bc:df:58:b8:ef:6f,0,6635,788,8,7,4000
30914,XiaomiM2007J3SG,12,bc:df:58:b8:ef:6f,0,6613,909,8,7,4000
31435,XiaomiM2007J3SG,12,bc:df:58:b8:ef:6f,0,6337,653,8,7,4000
31941,XiaomiM2007J3SG,12,bc:df:58:b8:ef:6f,0,6679,760,8,7,4000
32456,XiaomiM2007J3SG,12,bc:df:58:b8:ef:6f,0,6198,706,8,7,4000
32960,XiaomiM2007J3SG,12,bc:df:58:b8:ef:6f,0,6408,505,8,7,4000
33468,XiaomiM2007J3SG,12,bc:df:58:b8:ef:6f,0,6387,537,8,7,4000
33986,XiaomiM2007J3SG,12,bc:df:58:b8:ef:6f,0,6418,478,8,7,4000
34485,XiaomiM2007J3SG,12,bc:df:58:b8:ef:6f,0,6491,616,8,7,4000
34998,XiaomiM2007J3SG,12,bc:df:58:b8:ef:6f,0,6306,581,8,7,4000
35507,XiaomiM2007J3SG,12,bc:df:58:b8:ef:6f,0,6433,727,8,7,4000
36003,XiaomiM2007J3SG,12,bc:df:58:b8:ef:6f,0,6387,529,8,7,4000
36531,XiaomiM2007J3SG,12,bc:df:58:b8:ef:6f,0,6215,437,8,7,4000
37045,XiaomiM2007J3SG,12,bc:df:58:b8:ef:6f,0,6545,568,8,7,4000
37527,XiaomiM2007J3SG,12,bc:df:58:b8:ef:6f,0,6592,693,8,7,4000
38056,XiaomiM2007J3SG,12,bc:df:58:b8:ef:6f,0,6636,806,8,6,4000
38557,XiaomiM2007J3SG,12,bc:df:58:b8:ef:6f,0,6557,730,8,7,4000
39069,XiaomiM2007J3SG,12,bc:df:58:b8:ef:6f,0,6555,795,8,7,4000
39577,XiaomiM2007J3SG,12,bc:df:58:b8:ef:6f,0,6240,586,8,7,4000
40079,XiaomiM2007J3SG,12,bc:df:58:b8:ef:6f,0,6264,516,8,7,4000
40591,XiaomiM2007J3SG,12,bc:df:58:b8:ef:6f,0,6423,606,8,7,4000
41100,XiaomiM2007J3SG,12,bc:df:58:b8:ef:6f,0,6364,694,8,7,4000
41609,XiaomiM2007J3SG,12,bc:df:58:b8:ef:6f,0,6401,660,8,7,4000
42118,XiaomiM2007J3SG,12,bc:df:58:b8:ef:6f,0,6218,581,8,7,4000
42608,XiaomiM2007J3SG,12,bc:df:58:b8:ef:6f,0,6467,595,8,7,4000
43135,XiaomiM2007J3SG,12,bc:df:58:b8:ef:6f,0,6264,492,8,7,4000
43637,XiaomiM2007J3SG,12,bc:df:58:b8:ef:6f,0,6496,612,8,7,4000
44154,XiaomiM2007J3SG,12,bc:df:58:b8:ef:6f,0,6176,445,8,7,4000
44658,XiaomiM2007J3SG,12,bc:df:58:b8:ef:6f,0,6374,701,8,7,4000
45166,XiaomiM2007J3SG,12,bc:df:58:b8:ef:6f,0,6462,498,8,7,4000
45675,XiaomiM2007J3SG,12,bc:df:58:b8:ef:6f,0,6357,568,8,7,4000
46180,XiaomiM2007J3SG,12,bc:df:58:b8:ef:6f,0,6423,529,8,7,4000
46683,XiaomiM2007J3SG,12,bc:df:58:b8:ef:6f,0,6606,592,8,7,4000
47191,XiaomiM2007J3SG,12,bc:df:58:b8:ef:6f,0,6381,763,8,7,4000
47703,XiaomiM2007J3SG,12,bc:df:58:b8:ef:6f,0,6257,466,8,7,4000
48210,XiaomiM2007J3SG,12,bc:df:58:b8:ef:6f,0,6396,486,8,7,4000
48719,XiaomiM2007J3SG,12,bc:df:58:b8:ef:6f,0,6362,680,8,7,4000
49231,XiaomiM2007J3SG,12,bc:df:58:b8:ef:6f,0,6127,584,8,7,4000
49744,XiaomiM2007J3SG,12,bc:df:58:b8:ef:6f,0,6831,850,8,7,4000
50246,XiaomiM2007J3SG,12,bc:df:58:b8:ef:6f,0,6284,642,8,7,4000
50752,XiaomiM2007J3SG,12,bc:df:58:b8:ef:6f,0,6359,738,8,7,4000
51258,XiaomiM2007J3SG,12,bc:df:58:b8:ef:6f,0,6374,457,8,7,4000
51768,XiaomiM2007J3SG,12,bc:df:58:b8:ef:6f,0,6374,751,8,7,4000
52279,XiaomiM2007J3SG,12,bc:df:58:b8:ef:6f,0,6294,504,8,7,4000
52789,XiaomiM2007J3SG,12,bc:df:58:b8:ef:6f,0,6284,676,8,7,4000
53291,XiaomiM2007J3SG,12,bc:df:58:b8:ef:6f,0,6342,624,8,7,4000
53802,XiaomiM2007J3SG,12,bc:df:58:b8:ef:6f,0,6518,663,8,7,4000
54314,XiaomiM2007J3SG,12,bc:df:58:b8:ef:6f,0,6379,568,8,7,4000
54818,XiaomiM2007J3SG,12,bc:df:58:b8:ef:6f,0,6233,602,8,7,4000
55328,XiaomiM2007J3SG,12,bc:df:58:b8:ef:6f,0,6518,671,8,7,4000
55836,XiaomiM2007J3SG,12,bc:df:58:b8:ef:6f,0,6430,665,8,7,4000
56344,XiaomiM2007J3SG,12,bc:df:58:b8:ef:6f,0,6255,543,8,7,4000
56846,XiaomiM2007J3SG,12,bc:df:58:b8:ef:6f,0,6218,634,8,7,4000
57357,XiaomiM2007J3SG,12,bc:df:58:b8:ef:6f,0,6521,790,8,7,4000
57867,XiaomiM2007J3SG,12,bc:df:58:b8:ef:6f,0,6731,744,8,7,4000
58378,XiaomiM2007J3SG,12,bc:df:58:b8:ef:6f,0,6189,520,8,7,4000
58880,XiaomiM2007J3SG,12,bc:df:58:b8:ef:6f,0,6687,646,8,7,4000
59392,XiaomiM2007J3SG,12,bc:df:58:b8:ef:6f,0,6599,687,8,7,4000
59899,XiaomiM2007J3SG,12,bc:df:58:b8:ef:6f,0,6042,559,8,7,4000
60410,XiaomiM2007J3SG,12,bc:df:58:b8:ef:6f,0,6562,678,8,7,4000
60920,XiaomiM2007J3SG,12,bc:df:58:b8:ef:6f,0,6257,481,8,7,4000
61429,XiaomiM2007J3SG,12,bc:df:58:b8:ef:6f,0,6328,580,8,6,4000
61927,XiaomiM2007J3SG,12,bc:df:58:b8:ef:6f,0,6140,481,8,7,4000
62448,XiaomiM2007J3SG,12,bc:df:58:b8:ef:6f,0,6169,746,8,7,4000
62957,XiaomiM2007J3SG,12,bc:df:58:b8:ef:6f,0,6506,660,8,7,4000
63466,XiaomiM2007J3SG,12,bc:df:58:b8:ef:6f,0,6235,635,8,7,4000
63979,XiaomiM2007J3SG,12,bc:df:58:b8:ef:6f,0,6296,604,8,7,4000
64491,XiaomiM2007J3SG,12,bc:df:58:b8:ef:6f,0,6311,741,8,7,4000
65001,XiaomiM2007J3SG,12,bc:df:58:b8:ef:6f,0,6311,664,8,7,4000
65502,XiaomiM2007J3SG,12,bc:df:58:b8:ef:6f,0,6343,619,8,7,4000
66013,XiaomiM2007J3SG,12,bc:df:58:b8:ef:6f,0,6367,710,8,7,4000
66523,XiaomiM2007J3SG,12,bc:df:58:b8:ef:6f,0,6548,739,8,7,4000
67018,XiaomiM2007J3SG,12,bc:df:58:b8:ef:6f,0,6457,713,8,7,4000
67546,XiaomiM2007J3SG,12,bc:df:58:b8:ef:6f,0,6133,503,8,7,4000
68046,XiaomiM2007J3SG,12,bc:df:58:b8:ef:6f,0,6394,587,8,7,4000
68555,XiaomiM2007J3SG,12,bc:df:58:b8:ef:6f,0,6228,537,8,7,4000
69067,XiaomiM2007J3SG,12,bc:df:58:b8:ef:6f,0,6330,443,8,7,4000
69579,XiaomiM2007J3SG,12,bc:df:58:b8:ef:6f,0,6189,594,8,7,4000
70090,XiaomiM2007J3SG,12,bc:df:58:b8:ef:6f,0,6623,549,8,7,4000
70598,XiaomiM2007J3SG,12,bc:df:58:b8:ef:6f,0,6801,497,8,6,4000
71107,XiaomiM2007J3SG,12,bc:df:58:b8:ef:6f,0,6247,609,8,7,4000
71615,XiaomiM2007J3SG,12,bc:df:58:b8:ef:6f,0,6570,520,8,7,4000
72123,XiaomiM2007J3SG,12,bc:df:58:b8:ef:6f,0,6098,736,8,7,4000
72635,XiaomiM2007J3SG,12,bc:df:58:b8:ef:6f,0,6440,757,8,7,4000
73146,XiaomiM2007J3SG,12,bc:df:58:b8:ef:6f,0,6028,463,8,7,4000
73662,XiaomiM2007J3SG,12,bc:df:58:b8:ef:6f,0,6540,790,8,7,4000
74162,XiaomiM2007J3SG,12,bc:df:58:b8:ef:6f,0,6655,877,8,7,4000
74679,XiaomiM2007J3SG,12,bc:df:58:b8:ef:6f,0,6709,483,8,7,4000
75182,XiaomiM2007J3SG,12,bc:df:58:b8:ef:6f,0,6416,678,8,7,4000
75688,XiaomiM2007J3SG,12,bc:df:58:b8:ef:6f,0,6276,509,8,7,4000
76202,XiaomiM2007J3SG,12,bc:df:58:b8:ef:6f,0,6506,670,8,7,4000
76715,XiaomiM2007J3SG,12,bc:df:58:b8:ef:6f,0,6352,541,8,7,4000
77217,XiaomiM2007J3SG,12,bc:df:58:b8:ef:6f,0,6218,514,8,7,4000
77734,XiaomiM2007J3SG,12,bc:df:58:b8:ef:6f,0,6621,731,8,7,4000
78246,XiaomiM2007J3SG,12,bc:df:58:b8:ef:6f,0,6291,475,8,7,4000
78750,XiaomiM2007J3SG,12,bc:df:58:b8:ef:6f,0,6484,589,8,7,4000
79260,XiaomiM2007J3SG,12,bc:df:58:b8:ef:6f,0,6181,540,8,7,4000
79774,XiaomiM2007J3SG,12,bc:df:58:b8:ef:6f,0,6130,622,8,7,4000
80279,XiaomiM2007J3SG,12,bc:df:58:b8:ef:6f,0,6330,762,8,7,4000
80789,XiaomiM2007J3SG,12,bc:df:58:b8:ef:6f,0,6364,477,8,7,4000
81301,XiaomiM2007J3SG,12,bc:df:58:b8:ef:6f,0,6499,786,8,7,4000
81809,XiaomiM2007J3SG,12,bc:df:58:b8:ef:6f,0,6438,671,8,7,4000
82312,XiaomiM2007J3SG,12,bc:df:58:b8:ef:6f,0,6347,664,8,7,4000
82827,XiaomiM2007J3SG,12,bc:df:58:b8:ef:6f,0,6526,633,8,7,4000
83334,XiaomiM2007J3SG,12,bc:df:58:b8:ef:6f,0,6389,733,8,7,4000
83847,XiaomiM2007J3SG,12,bc:df:58:b8:ef:6f,0,6438,495,8,7,4000
84357,XiaomiM2007J3SG,12,bc:df:58:b8:ef:6f,0,6508,635,8,7,4000
84865,XiaomiM2007J3SG,12,bc:df:58:b8:ef:6f,0,6533,515,8,7,4000
85368,XiaomiM2007J3SG,12,bc:df:58:b8:ef:6f,0,6335,558,8,7,4000
85893,XiaomiM2007J3SG,12,bc:df:58:b8:ef:6f,0,6301,580,8,7,4000
86390,XiaomiM2007J3SG,12,bc:df:58:b8:ef:6f,0,6811,599,8,7,4000
86902,XiaomiM2007J3SG,12,bc:df:58:b8:ef:6f,0,6203,562,8,7,4000
87409,XiaomiM2007J3SG,12,bc:df:58:b8:ef:6f,0,6482,660,8,7,4000
87918,XiaomiM2007J3SG,12,bc:df:58:b8:ef:6f,0,6499,827,8,7,4000
88429,XiaomiM2007J3SG,12,bc:df:58:b8:ef:6f,0,6372,681,8,7,4000
88936,XiaomiM2007J3SG,12,bc:df:58:b8:ef:6f,0,6584,689,8,7,4000
89444,XiaomiM2007J3SG,12,bc:df:58:b8:ef:6f,0,6636,532,8,7,4000
89952,XiaomiM2007J3SG,12,bc:df:58:b8:ef:6f,0,6264,635,8,7,4000
90461,XiaomiM2007J3SG,12,bc:df:58:b8:ef:6f,0,6408,473,8,7,4000
90971,XiaomiM2007J3SG,12,bc:df:58:b8:ef:6f,0,6294,611,8,7,4000
91484,XiaomiM2007J3SG,12,bc:df:58:b8:ef:6f,0,6198,550,8,7,4000
91996,XiaomiM2007J3SG,12,bc:df:58:b8:ef:6f,0,6587,721,8,7,4000
92510,XiaomiM2007J3SG,12,bc:df:58:b8:ef:6f,0,6299,623,8,7,4000
93017,XiaomiM2007J3SG,12,bc:df:58:b8:ef:6f,0,6667,605,8,7,4000
93527,XiaomiM2007J3SG,12,bc:df:58:b8:ef:6f,0,6379,672,8,7,4000
94036,XiaomiM2007J3SG,12,bc:df:58:b8:ef:6f,0,6452,473,8,7,4000
94542,XiaomiM2007J3SG,12,bc:df:58:b8:ef:6f,0,6460,646,8,7,4000
95058,XiaomiM2007J3SG,12,bc:df:58:b8:ef:6f,0,6323,536,8,7,4000
95566,XiaomiM2007J3SG,12,bc:df:58:b8:ef:6f,0,6235,575,8,7,4000
96066,XiaomiM2007J3SG,12,bc:df:58:b8:ef:6f,0,6206,461,8,7,4000
96584,XiaomiM2007J3SG,12,bc:df:58:b8:ef:6f,0,6255,723,8,7,4000
97071,XiaomiM2007J3SG,12,bc:df:58:b8:ef:6f,0,6496,657,8,7,4000
97586,XiaomiM2007J3SG,12,bc:df:58:b8:ef:6f,0,6401,452,8,7,4000
98116,XiaomiM2007J3SG,12,bc:df:58:b8:ef:6f,0,6418,724,8,7,4000
98631,XiaomiM2007J3SG,12,bc:df:58:b8:ef:6f,0,6308,572,8,7,4000
99136,XiaomiM2007J3SG,12,bc:df:58:b8:ef:6f,0,6445,716,8,7,4000
99645,XiaomiM2007J3SG,12,bc:df:58:b8:ef:6f,0,6460,493,8,7,4000
100157,XiaomiM2007J3SG,12,bc:df:58:b8:ef:6f,0,6504,751,8,7,4000
100663,XiaomiM2007J3SG,12,bc:df:58:b8:ef:6f,0,6176,496,8,7,4000
101168,XiaomiM2007J3SG,12,bc:df:58:b8:ef:6f,0,6315,554,8,7,4000
101681,XiaomiM2007J3SG,12,bc:df:58:b8:ef:6f,0,6298,662,8,7,4000
102187,XiaomiM2007J3SG,12,bc:df:58:b8:ef:6f,0,6511,480,8,7,4000
102694,XiaomiM2007J3SG,12,bc:df:58:b8:ef:6f,0,6445,476,8,7,4000
103209,XiaomiM2007J3SG,12,bc:df:58:b8:ef:6f,0,6242,652,8,7,4000
103715,XiaomiM2007J3SG,12,bc:df:58:b8:ef:6f,0,6401,487,8,7,4000
104221,XiaomiM2007J3SG,12,bc:df:58:b8:ef:6f,0,6252,589,8,7,4000
104733,XiaomiM2007J3SG,12,bc:df:58:b8:ef:6f,0,6242,543,8,7,4000
105246,XiaomiM2007J3SG,12,bc:df:58:b8:ef:6f,0,6259,541,8,7,4000
105758,XiaomiM2007J3SG,12,bc:df:58:b8:ef:6f,0,6223,638,8,7,4000
106265,XiaomiM2007J3SG,12,bc:df:58:b8:ef:6f,0,7031,966,8,7,4000
106782,XiaomiM2007J3SG,12,bc:df:58:b8:ef:6f,0,6940,633,8,7,4000
107278,XiaomiM2007J3SG,12,bc:df:58:b8:ef:6f,0,6533,756,8,7,4000
107788,XiaomiM2007J3SG,12,bc:df:58:b8:ef:6f,0,6477,521,8,7,4000
108296,XiaomiM2007J3SG,12,bc:df:58:b8:ef:6f,0,6789,499,8,7,4000
108812,XiaomiM2007J3SG,12,bc:df:58:b8:ef:6f,0,6433,594,8,7,4000
109311,XiaomiM2007J3SG,12,bc:df:58:b8:ef:6f,0,6225,627,8,7,4000
109825,XiaomiM2007J3SG,12,bc:df:58:b8:ef:6f,0,6594,553,8,7,4000
110330,XiaomiM2007J3SG,12,bc:df:58:b8:ef:6f,0,6606,501,8,7,4000
110828,XiaomiM2007J3SG,12,bc:df:58:b8:ef:6f,0,6359,600,8,7,4000
111345,XiaomiM2007J3SG,12,bc:df:58:b8:ef:6f,0,6513,585,8,7,4000
111860,XiaomiM2007J3SG,12,bc:df:58:b8:ef:6f,0,6040,553,8,7,4000
112374,XiaomiM2007J3SG,12,bc:df:58:b8:ef:6f,0,6704,576,8,7,4000
112864,XiaomiM2007J3SG,12,bc:df:58:b8:ef:6f,0,6570,772,8,7,4000
113388,XiaomiM2007J3SG,12,bc:df:58:b8:ef:6f,0,6601,778,8,7,4000
113902,XiaomiM2007J3SG,12,bc:df:58:b8:ef:6f,0,6138,652,8,7,4000
114406,XiaomiM2007J3SG,12,bc:df:58:b8:ef:6f,0,6411,677,8,7,4000
114919,XiaomiM2007J3SG,12,bc:df:58:b8:ef:6f,0,6343,486,8,7,4000
115423,XiaomiM2007J3SG,12,bc:df:58:b8:ef:6f,0,6211,562,8,7,4000
115938,XiaomiM2007J3SG,12,bc:df:58:b8:ef:6f,0,6474,708,8,7,4000
116443,XiaomiM2007J3SG,12,bc:df:58:b8:ef:6f,0,6255,516,8,7,4000
116959,XiaomiM2007J3SG,12,bc:df:58:b8:ef:6f,0,6279,561,8,7,4000
117464,XiaomiM2007J3SG,12,bc:df:58:b8:ef:6f,0,6345,406,8,7,4000
117975,XiaomiM2007J3SG,12,bc:df:58:b8:ef:6f,0,6565,772,8,7,4000
118479,XiaomiM2007J3SG,12,bc:df:58:b8:ef:6f,0,6430,484,8,7,4000
118994,XiaomiM2007J3SG,12,bc:df:58:b8:ef:6f,0,6167,650,8,7,4000
119496,XiaomiM2007J3SG,12,bc:df:58:b8:ef:6f,0,6306,543,8,7,4000
0,XiaomiM2007J3SG,12,bc:df:58:b8:ef:6f,0,7004,612,8,7,5000
465,XiaomiM2007J3SG,12,bc:df:58:b8:ef:6f,0,7421,697,8,7,5000
1002,XiaomiM2007J3SG,12,bc:df:58:b8:ef:6f,0,7263,511,8,7,5000
1501,XiaomiM2007J3SG,12,bc:df:58:b8:ef:6f,0,7273,740,8,7,5000
2009,XiaomiM2007J3SG,12,bc:df:58:b8:ef:6f,0,7539,604,8,7,5000
2516,XiaomiM2007J3SG,12,bc:df:58:b8:ef:6f,0,7302,724,8,7,5000
3012,XiaomiM2007J3SG,12,bc:df:58:b8:ef:6f,0,7180,432,8,7,5000
3543,XiaomiM2007J3SG,12,bc:df:58:b8:ef:6f,0,8176,568,8,7,5000
4054,XiaomiM2007J3SG,12,bc:df:58:b8:ef:6f,0,6921,352,8,7,5000
4554,XiaomiM2007J3SG,12,bc:df:58:b8:ef:6f,0,7522,682,8,7,5000
5055,XiaomiM2007J3SG,12,bc:df:58:b8:ef:6f,0,7575,633,8,7,5000
5570,XiaomiM2007J3SG,12,bc:df:58:b8:ef:6f,0,7375,453,8,7,5000
6080,XiaomiM2007J3SG,12,bc:df:58:b8:ef:6f,0,7456,638,8,7,5000
6588,XiaomiM2007J3SG,12,bc:df:58:b8:ef:6f,0,7202,543,8,7,5000
7098,XiaomiM2007J3SG,12,bc:df:58:b8:ef:6f,0,7377,675,8,7,5000
7610,XiaomiM2007J3SG,12,bc:df:58:b8:ef:6f,0,7268,509,8,7,5000
8116,XiaomiM2007J3SG,12,bc:df:58:b8:ef:6f,0,7334,675,8,7,5000
8618,XiaomiM2007J3SG,12,bc:df:58:b8:ef:6f,0,7273,551,8,7,5000
9130,XiaomiM2007J3SG,12,bc:df:58:b8:ef:6f,0,7583,666,8,7,5000
9636,XiaomiM2007J3SG,12,bc:df:58:b8:ef:6f,0,7434,660,8,7,5000
10143,XiaomiM2007J3SG,12,bc:df:58:b8:ef:6f,0,7207,653,8,7,5000
10658,XiaomiM2007J3SG,12,bc:df:58:b8:ef:6f,0,7224,695,8,7,5000
11162,XiaomiM2007J3SG,12,bc:df:58:b8:ef:6f,0,7421,797,8,7,5000
11675,XiaomiM2007J3SG,12,bc:df:58:b8:ef:6f,0,7163,549,8,7,5000
12182,XiaomiM2007J3SG,12,bc:df:58:b8:ef:6f,0,7290,588,8,7,5000
12690,XiaomiM2007J3SG,12,bc:df:58:b8:ef:6f,0,7412,737,8,7,5000
13204,XiaomiM2007J3SG,12,bc:df:58:b8:ef:6f,0,7253,649,8,7,5000
13714,XiaomiM2007J3SG,12,bc:df:58:b8:ef:6f,0,7200,611,8,7,5000
14222,XiaomiM2007J3SG,12,bc:df:58:b8:ef:6f,0,7239,607,8,7,5000
14725,XiaomiM2007J3SG,12,bc:df:58:b8:ef:6f,0,7551,547,8,7,5000
15237,XiaomiM2007J3SG,12,bc:df:58:b8:ef:6f,0,7385,540,8,7,5000
15742,XiaomiM2007J3SG,12,bc:df:58:b8:ef:6f,0,7568,787,8,7,5000
16255,XiaomiM2007J3SG,12,bc:df:58:b8:ef:6f,0,7531,781,8,7,5000
16764,XiaomiM2007J3SG,12,bc:df:58:b8:ef:6f,0,7456,778,8,7,5000
17271,XiaomiM2007J3SG,12,bc:df:58:b8:ef:6f,0,7214,522,8,7,5000
17779,XiaomiM2007J3SG,12,bc:df:58:b8:ef:6f,0,7793,648,8,7,5000
18292,XiaomiM2007J3SG,12,bc:df:58:b8:ef:6f,0,7597,717,8,7,5000
18796,XiaomiM2007J3SG,12,bc:df:58:b8:ef:6f,0,7209,637,8,7,5000
19311,XiaomiM2007J3SG,12,bc:df:58:b8:ef:6f,0,7553,590,8,7,5000
19824,XiaomiM2007J3SG,12,bc:df:58:b8:ef:6f,0,7358,762,8,7,5000
20334,XiaomiM2007J3SG,12,bc:df:58:b8:ef:6f,0,7072,467,8,7,5000
20837,XiaomiM2007J3SG,12,bc:df:58:b8:ef:6f,0,7356,731,8,7,5000
21349,XiaomiM2007J3SG,12,bc:df:58:b8:ef:6f,0,7185,565,8,7,5000
21857,XiaomiM2007J3SG,12,bc:df:58:b8:ef:6f,0,7163,506,8,7,5000
22363,XiaomiM2007J3SG,12,bc:df:58:b8:ef:6f,0,7104,622,8,7,5000
22872,XiaomiM2007J3SG,12,bc:df:58:b8:ef:6f,0,7243,603,8,7,5000
23389,XiaomiM2007J3SG,12,bc:df:58:b8:ef:6f,0,7185,531,8,7,5000
23896,XiaomiM2007J3SG,12,bc:df:58:b8:ef:6f,0,7231,685,8,7,5000
24406,XiaomiM2007J3SG,12,bc:df:58:b8:ef:6f,0,7456,554,8,7,5000
24911,XiaomiM2007J3SG,12,bc:df:58:b8:ef:6f,0,7258,622,8,7,5000
25423,XiaomiM2007J3SG,12,bc:df:58:b8:ef:6f,0,7397,607,8,7,5000
25931,XiaomiM2007J3SG,12,bc:df:58:b8:ef:6f,0,7404,685,8,7,5000
26443,XiaomiM2007J3SG,12,bc:df:58:b8:ef:6f,0,7356,670,8,7,5000
26956,XiaomiM2007J3SG,12,bc:df:58:b8:ef:6f,0,7632,815,8,7,5000
27463,XiaomiM2007J3SG,12,bc:df:58:b8:ef:6f,0,7531,688,8,7,5000
27966,XiaomiM2007J3SG,12,bc:df:58:b8:ef:6f,0,7539,625,8,7,5000
28478,XiaomiM2007J3SG,12,bc:df:58:b8:ef:6f,0,7561,722,8,7,5000
28989,XiaomiM2007J3SG,12,bc:df:58:b8:ef:6f,0,7648,767,8,7,5000
29499,XiaomiM2007J3SG,12,bc:df:58:b8:ef:6f,0,7739,895,8,7,5000
30004,XiaomiM2007J3SG,12,bc:df:58:b8:ef:6f,0,7353,710,8,7,5000
30517,XiaomiM2007J3SG,12,bc:df:58:b8:ef:6f,0,7253,681,8,7,5000
31019,XiaomiM2007J3SG,12,bc:df:58:b8:ef:6f,0,7326,697,8,7,5000
31532,XiaomiM2007J3SG,12,bc:df:58:b8:ef:6f,0,7390,756,8,7,5000
32045,XiaomiM2007J3SG,12,bc:df:58:b8:ef:6f,0,7370,629,8,7,5000
32531,XiaomiM2007J3SG,12,bc:df:58:b8:ef:6f,0,7263,614,8,7,5000
33063,XiaomiM2007J3SG,12,bc:df:58:b8:ef:6f,0,7309,723,8,7,5000
33575,XiaomiM2007J3SG,12,bc:df:58:b8:ef:6f,0,7370,637,8,7,5000
34075,XiaomiM2007J3SG,12,bc:df:58:b8:ef:6f,0,7251,562,8,7,5000
34591,XiaomiM2007J3SG,12,bc:df:58:b8:ef:6f,0,7531,591,8,7,5000
35097,XiaomiM2007J3SG,12,bc:df:58:b8:ef:6f,0,7421,620,8,7,5000
35613,XiaomiM2007J3SG,12,bc:df:58:b8:ef:6f,0,7531,633,8,7,5000
36114,XiaomiM2007J3SG,12,bc:df:58:b8:ef:6f,0,7451,601,8,7,5000
36626,XiaomiM2007J3SG,12,bc:df:58:b8:ef:6f,0,7246,692,8,7,5000
37136,XiaomiM2007J3SG,12,bc:df:58:b8:ef:6f,0,7356,573,8,7,5000
37635,XiaomiM2007J3SG,12,bc:df:58:b8:ef:6f,0,7263,577,8,7,5000
38158,XiaomiM2007J3SG,12,bc:df:58:b8:ef:6f,0,7287,501,8,7,5000
38672,XiaomiM2007J3SG,12,bc:df:58:b8:ef:6f,0,7470,824,8,7,5000
39179,XiaomiM2007J3SG,12,bc:df:58:b8:ef:6f,0,7377,762,8,7,5000
39690,XiaomiM2007J3SG,12,bc:df:58:b8:ef:6f,0,7314,632,8,7,5000
40205,XiaomiM2007J3SG,12,bc:df:58:b8:ef:6f,0,7412,680,8,7,5000
40716,XiaomiM2007J3SG,12,bc:df:58:b8:ef:6f,0,7629,707,8,7,5000
41216,XiaomiM2007J3SG,12,bc:df:58:b8:ef:6f,0,7195,539,8,7,5000
41724,XiaomiM2007J3SG,12,bc:df:58:b8:ef:6f,0,7239,533,8,7,5000
42239,XiaomiM2007J3SG,12,bc:df:58:b8:ef:6f,0,7514,547,8,7,5000
42746,XiaomiM2007J3SG,12,bc:df:58:b8:ef:6f,0,7456,573,8,7,5000
43262,XiaomiM2007J3SG,12,bc:df:58:b8:ef:6f,0,7173,618,8,7,5000
43765,XiaomiM2007J3SG,12,bc:df:58:b8:ef:6f,0,7515,811,8,7,5000
44277,XiaomiM2007J3SG,12,bc:df:58:b8:ef:6f,0,7346,587,8,7,5000
44785,XiaomiM2007J3SG,12,bc:df:58:b8:ef:6f,0,7522,673,8,7,5000
45295,XiaomiM2007J3SG,12,bc:df:58:b8:ef:6f,0,7185,548,8,7,5000
45787,XiaomiM2007J3SG,12,bc:df:58:b8:ef:6f,0,7112,514,8,7,5000
46311,XiaomiM2007J3SG,12,bc:df:58:b8:ef:6f,0,7348,730,8,7,5000
46821,XiaomiM2007J3SG,12,bc:df:58:b8:ef:6f,0,7390,667,8,7,5000
47324,XiaomiM2007J3SG,12,bc:df:58:b8:ef:6f,0,7427,704,8,7,5000
47842,XiaomiM2007J3SG,12,bc:df:58:b8:ef:6f,0,7239,646,8,7,5000
48351,XiaomiM2007J3SG,12,bc:df:58:b8:ef:6f,0,7317,712,8,7,5000
48863,XiaomiM2007J3SG,12,bc:df:58:b8:ef:6f,0,7165,621,8,7,5000
49374,XiaomiM2007J3SG,12,bc:df:58:b8:ef:6f,0,7583,686,8,7,5000
49883,XiaomiM2007J3SG,12,bc:df:58:b8:ef:6f,0,7377,782,8,7,5000
50392,XiaomiM2007J3SG,12,bc:df:58:b8:ef:6f,0,7383,650,8,7,5000
50902,XiaomiM2007J3SG,12,bc:df:58:b8:ef:6f,0,7817,479,8,7,5000
51412,XiaomiM2007J3SG,12,bc:df:58:b8:ef:6f,0,7104,654,8,7,5000
51926,XiaomiM2007J3SG,12,bc:df:58:b8:ef:6f,0,7077,584,8,7,5000
52432,XiaomiM2007J3SG,12,bc:df:58:b8:ef:6f,0,7434,734,8,7,5000
52942,XiaomiM2007J3SG,12,bc:df:58:b8:ef:6f,0,7558,634,8,7,5000
53449,XiaomiM2007J3SG,12,bc:df:58:b8:ef:6f,0,7326,741,8,7,5000
53965,XiaomiM2007J3SG,12,bc:df:58:b8:ef:6f,0,7317,568,8,7,5000
54475,XiaomiM2007J3SG,12,bc:df:58:b8:ef:6f,0,7546,742,8,7,5000
54983,XiaomiM2007J3SG,12,bc:df:58:b8:ef:6f,0,7375,741,8,7,5000
55491,XiaomiM2007J3SG,12,bc:df:58:b8:ef:6f,0,7353,586,8,7,5000
55997,XiaomiM2007J3SG,12,bc:df:58:b8:ef:6f,0,7617,543,8,7,5000
56512,XiaomiM2007J3SG,12,bc:df:58:b8:ef:6f,0,7309,764,8,7,5000
57020,XiaomiM2007J3SG,12,bc:df:58:b8:ef:6f,0,7573,646,8,7,5000
57530,XiaomiM2007J3SG,12,bc:df:58:b8:ef:6f,0,7333,677,8,7,5000
58045,XiaomiM2007J3SG,12,bc:df:58:b8:ef:6f,0,7580,693,8,7,5000
58555,XiaomiM2007J3SG,12,bc:df:58:b8:ef:6f,0,7236,673,8,7,5000
59064,XiaomiM2007J3SG,12,bc:df:58:b8:ef:6f,0,7436,690,8,7,5000
59579,XiaomiM2007J3SG,12,bc:df:58:b8:ef:6f,0,7238,535,8,7,5000
60084,XiaomiM2007J3SG,12,bc:df:58:b8:ef:6f,0,7180,588,8,7,5000
60596,XiaomiM2007J3SG,12,bc:df:58:b8:ef:6f,0,7580,675,8,7,5000
61112,XiaomiM2007J3SG,12,bc:df:58:b8:ef:6f,0,7522,789,8,7,5000
61611,XiaomiM2007J3SG,12,bc:df:58:b8:ef:6f,0,7707,719,8,7,5000
62121,XiaomiM2007J3SG,12,bc:df:58:b8:ef:6f,0,7356,671,8,7,5000
62633,XiaomiM2007J3SG,12,bc:df:58:b8:ef:6f,0,7407,693,8,7,5000
63150,XiaomiM2007J3SG,12,bc:df:58:b8:ef:6f,0,7412,749,8,7,5000
63653,XiaomiM2007J3SG,12,bc:df:58:b8:ef:6f,0,7399,622,8,7,5000
64165,XiaomiM2007J3SG,12,bc:df:58:b8:ef:6f,0,7273,551,8,7,5000
64677,XiaomiM2007J3SG,12,bc:df:58:b8:ef:6f,0,7251,524,8,7,5000
65196,XiaomiM2007J3SG,12,bc:df:58:b8:ef:6f,0,7014,379,8,6,5000
65698,XiaomiM2007J3SG,12,bc:df:58:b8:ef:6f,0,7263,585,8,7,5000
66214,XiaomiM2007J3SG,12,bc:df:58:b8:ef:6f,0,7394,604,8,7,5000
66724,XiaomiM2007J3SG,12,bc:df:58:b8:ef:6f,0,7600,783,8,7,5000
67225,XiaomiM2007J3SG,12,bc:df:58:b8:ef:6f,0,7341,606,8,7,5000
67742,XiaomiM2007J3SG,12,bc:df:58:b8:ef:6f,0,7593,460,8,6,5000
68249,XiaomiM2007J3SG,12,bc:df:58:b8:ef:6f,0,7573,744,8,5,5000
68754,XiaomiM2007J3SG,12,bc:df:58:b8:ef:6f,0,6909,0,8,2,5000
69266,XiaomiM2007J3SG,12,bc:df:58:b8:ef:6f,0,7124,837,8,5,5000
69772,XiaomiM2007J3SG,12,bc:df:58:b8:ef:6f,0,6733,29,8,4,5000
70278,XiaomiM2007J3SG,12,bc:df:58:b8:ef:6f,0,7400,637,8,7,5000
70791,XiaomiM2007J3SG,12,bc:df:58:b8:ef:6f,0,7185,616,8,7,5000
71303,XiaomiM2007J3SG,12,bc:df:58:b8:ef:6f,0,7471,549,8,7,5000
71811,XiaomiM2007J3SG,12,bc:df:58:b8:ef:6f,0,7627,585,8,7,5000
72319,XiaomiM2007J3SG,12,bc:df:58:b8:ef:6f,0,7046,402,8,7,5000
72829,XiaomiM2007J3SG,12,bc:df:58:b8:ef:6f,0,7727,739,8,7,5000
73340,XiaomiM2007J3SG,12,bc:df:58:b8:ef:6f,0,7324,550,8,7,5000
73851,XiaomiM2007J3SG,12,bc:df:58:b8:ef:6f,0,7358,673,8,7,5000
74357,XiaomiM2007J3SG,12,bc:df:58:b8:ef:6f,0,7221,697,8,7,5000
74868,XiaomiM2007J3SG,12,bc:df:58:b8:ef:6f,0,7268,737,8,7,5000
75377,XiaomiM2007J3SG,12,bc:df:58:b8:ef:6f,0,7485,774,8,7,5000
75887,XiaomiM2007J3SG,12,bc:df:58:b8:ef:6f,0,7710,842,8,7,5000
76398,XiaomiM2007J3SG,12,bc:df:58:b8:ef:6f,0,7492,508,8,7,5000
76909,XiaomiM2007J3SG,12,bc:df:58:b8:ef:6f,0,7426,604,8,7,5000
77414,XiaomiM2007J3SG,12,bc:df:58:b8:ef:6f,0,7297,658,8,7,5000
77927,XiaomiM2007J3SG,12,bc:df:58:b8:ef:6f,0,7470,578,8,7,5000
78437,XiaomiM2007J3SG,12,bc:df:58:b8:ef:6f,0,7268,607,8,7,5000
78946,XiaomiM2007J3SG,12,bc:df:58:b8:ef:6f,0,7192,570,8,7,5000
79459,XiaomiM2007J3SG,12,bc:df:58:b8:ef:6f,0,7421,682,8,7,5000
79966,XiaomiM2007J3SG,12,bc:df:58:b8:ef:6f,0,7290,615,8,7,5000
80477,XiaomiM2007J3SG,12,bc:df:58:b8:ef:6f,0,7397,667,8,7,5000
80993,XiaomiM2007J3SG,12,bc:df:58:b8:ef:6f,0,7275,637,8,7,5000
81503,XiaomiM2007J3SG,12,bc:df:58:b8:ef:6f,0,7377,803,8,7,5000
82019,XiaomiM2007J3SG,12,bc:df:58:b8:ef:6f,0,7397,805,8,7,5000
82529,XiaomiM2007J3SG,12,bc:df:58:b8:ef:6f,0,7463,622,8,7,5000
83044,XiaomiM2007J3SG,12,bc:df:58:b8:ef:6f,0,7675,782,8,7,5000
83550,XiaomiM2007J3SG,12,bc:df:58:b8:ef:6f,0,7485,676,8,7,5000
84057,XiaomiM2007J3SG,12,bc:df:58:b8:ef:6f,0,7385,522,8,7,5000
84570,XiaomiM2007J3SG,12,bc:df:58:b8:ef:6f,0,7632,593,8,7,5000
85082,XiaomiM2007J3SG,12,bc:df:58:b8:ef:6f,0,7383,755,8,7,5000
85589,XiaomiM2007J3SG,12,bc:df:58:b8:ef:6f,0,7282,597,8,7,5000
86101,XiaomiM2007J3SG,12,bc:df:58:b8:ef:6f,0,7385,778,8,7,5000
86609,XiaomiM2007J3SG,12,bc:df:58:b8:ef:6f,0,7312,587,8,7,5000
87119,XiaomiM2007J3SG,12,bc:df:58:b8:ef:6f,0,7546,666,8,7,5000
87631,XiaomiM2007J3SG,12,bc:df:58:b8:ef:6f,0,7229,730,8,6,5000
88141,XiaomiM2007J3SG,12,bc:df:58:b8:ef:6f,0,7641,715,8,7,5000
88646,XiaomiM2007J3SG,12,bc:df:58:b8:ef:6f,0,7697,568,8,7,5000
89156,XiaomiM2007J3SG,12,bc:df:58:b8:ef:6f,0,7304,651,8,7,5000
89667,XiaomiM2007J3SG,12,bc:df:58:b8:ef:6f,0,7309,578,8,7,5000
90178,XiaomiM2007J3SG,12,bc:df:58:b8:ef:6f,0,7407,625,8,7,5000
90676,XiaomiM2007J3SG,12,bc:df:58:b8:ef:6f,0,7131,621,8,7,5000
91197,XiaomiM2007J3SG,12,bc:df:58:b8:ef:6f,0,7509,638,8,7,5000
91706,XiaomiM2007J3SG,12,bc:df:58:b8:ef:6f,0,7033,352,8,7,5000
92222,XiaomiM2007J3SG,12,bc:df:58:b8:ef:6f,0,7299,644,8,7,5000
92735,XiaomiM2007J3SG,12,bc:df:58:b8:ef:6f,0,7805,1006,8,7,5000
93246,XiaomiM2007J3SG,12,bc:df:58:b8:ef:6f,0,7854,281,8,7,5000
93757,XiaomiM2007J3SG,12,bc:df:58:b8:ef:6f,0,7421,618,8,7,5000
94257,XiaomiM2007J3SG,12,bc:df:58:b8:ef:6f,0,7156,606,8,7,5000
94763,XiaomiM2007J3SG,12,bc:df:58:b8:ef:6f,0,7400,661,8,7,5000
95275,XiaomiM2007J3SG,12,bc:df:58:b8:ef:6f,0,7610,561,8,7,5000
95778,XiaomiM2007J3SG,12,bc:df:58:b8:ef:6f,0,7348,782,8,7,5000
96295,XiaomiM2007J3SG,12,bc:df:58:b8:ef:6f,0,7502,628,8,7,5000
96807,XiaomiM2007J3SG,12,bc:df:58:b8:ef:6f,0,7715,678,8,7,5000
97316,XiaomiM2007J3SG,12,bc:df:58:b8:ef:6f,0,7302,572,8,7,5000
97811,XiaomiM2007J3SG,12,bc:df:58:b8:ef:6f,0,7412,677,8,7,5000
98346,XiaomiM2007J3SG,12,bc:df:58:b8:ef:6f,0,7544,566,8,7,5000
98851,XiaomiM2007J3SG,12,bc:df:58:b8:ef:6f,0,7705,585,8,7,5000
99360,XiaomiM2007J3SG,12,bc:df:58:b8:ef:6f,0,7229,499,8,7,5000
99871,XiaomiM2007J3SG,12,bc:df:58:b8:ef:6f,0,7392,813,8,7,5000
100383,XiaomiM2007J3SG,12,bc:df:58:b8:ef:6f,0,7429,700,8,7,5000
100887,XiaomiM2007J3SG,12,bc:df:58:b8:ef:6f,0,7495,610,8,7,5000
101400,XiaomiM2007J3SG,12,bc:df:58:b8:ef:6f,0,7588,702,8,7,5000
101908,XiaomiM2007J3SG,12,bc:df:58:b8:ef:6f,0,7427,490,8,7,5000
102420,XiaomiM2007J3SG,12,bc:df:58:b8:ef:6f,0,7304,563,8,7,5000
102923,XiaomiM2007J3SG,12,bc:df:58:b8:ef:6f,0,7634,726,8,7,5000
103442,XiaomiM2007J3SG,12,bc:df:58:b8:ef:6f,0,7385,641,8,7,5000
103949,XiaomiM2007J3SG,12,bc:df:58:b8:ef:6f,0,7719,696,8,7,5000
104461,XiaomiM2007J3SG,12,bc:df:58:b8:ef:6f,0,7180,526,8,7,5000
104970,XiaomiM2007J3SG,12,bc:df:58:b8:ef:6f,0,7558,697,8,7,5000
105482,XiaomiM2007J3SG,12,bc:df:58:b8:ef:6f,0,7478,723,8,7,5000
105994,XiaomiM2007J3SG,12,bc:df:58:b8:ef:6f,0,6821,58,8,4,5000
106503,XiaomiM2007J3SG,12,bc:df:58:b8:ef:6f,0,7788,763,8,5,5000
107014,XiaomiM2007J3SG,12,bc:df:58:b8:ef:6f,0,7412,642,8,7,5000
107518,XiaomiM2007J3SG,12,bc:df:58:b8:ef:6f,0,7390,594,8,7,5000
108030,XiaomiM2007J3SG,12,bc:df:58:b8:ef:6f,0,7368,706,8,7,5000
108542,XiaomiM2007J3SG,12,bc:df:58:b8:ef:6f,0,7661,570,8,7,5000
109046,XiaomiM2007J3SG,12,bc:df:58:b8:ef:6f,0,7399,729,8,7,5000
109551,XiaomiM2007J3SG,12,bc:df:58:b8:ef:6f,0,7524,654,8,7,5000
110069,XiaomiM2007J3SG,12,bc:df:58:b8:ef:6f,0,7275,573,8,7,5000
110579,XiaomiM2007J3SG,12,bc:df:58:b8:ef:6f,0,7346,589,8,7,5000
111084,XiaomiM2007J3SG,12,bc:df:58:b8:ef:6f,0,7632,616,8,7,5000
111602,XiaomiM2007J3SG,12,bc:df:58:b8:ef:6f,0,7324,694,8,7,5000
112108,XiaomiM2007J3SG,12,bc:df:58:b8:ef:6f,0,7258,638,8,7,5000
112606,XiaomiM2007J3SG,12,bc:df:58:b8:ef:6f,0,7561,661,8,7,5000
113132,XiaomiM2007J3SG,12,bc:df:58:b8:ef:6f,0,7312,635,8,7,5000
113635,XiaomiM2007J3SG,12,bc:df:58:b8:ef:6f,0,7172,515,8,7,5000
114142,XiaomiM2007J3SG,12,bc:df:58:b8:ef:6f,0,7126,455,8,7,5000
114655,XiaomiM2007J3SG,12,bc:df:58:b8:ef:6f,0,7309,577,8,7,5000
115169,XiaomiM2007J3SG,12,bc:df:58:b8:ef:6f,0,7280,556,8,7,5000
115675,XiaomiM2007J3SG,12,bc:df:58:b8:ef:6f,0,7485,672,8,7,5000
116187,XiaomiM2007J3SG,12,bc:df:58:b8:ef:6f,0,7282,588,8,7,5000
116704,XiaomiM2007J3SG,12,bc:df:58:b8:ef:6f,0,7602,565,8,7,5000
117213,XiaomiM2007J3SG,12,bc:df:58:b8:ef:6f,0,7412,779,8,7,5000
117721,XiaomiM2007J3SG,12,bc:df:58:b8:ef:6f,0,7585,760,8,7,5000
118233,XiaomiM2007J3SG,12,bc:df:58:b8:ef:6f,0,7414,570,8,7,5000
118746,XiaomiM2007J3SG,12,bc:df:58:b8:ef:6f,0,7226,543,8,7,5000
119259,XiaomiM2007J3SG,12,bc:df:58:b8:ef:6f,0,7160,640,8,7,5000
119758,XiaomiM2007J3SG,12,bc:df:58:b8:ef:6f,0,7155,495,8,7,5000