Timestamp,Device,Android Version,AP MAC Address,Status,Distance (mm),Std Dev (mm),Attempted Measurements,Successful Measurements,Bandwidth,Frequency (MHz)
665552108,XiaomiPOCO F2 Pro,12,90:ca:fa:8b:13:b4,0,2690,240,8,7
665552108,XiaomiPOCO F2 Pro,12,24:e5:0f:2c:ff:15,0,15591,688,8,7
665552107,XiaomiPOCO F2 Pro,12,24:e5:0f:2d:13:79,0,19038,754,8,7
665552107,XiaomiPOCO F2 Pro,12,90:ca:fa:8b:26:29,0,5200,42,8,7
665552332,XiaomiPOCO F2 Pro,12,90:ca:fa:8b:13:b4,0,2197,220,8,7
665552332,XiaomiPOCO F2 Pro,12,24:e5:0f:2c:ff:15,0,17094,699,8,7
665552332,XiaomiPOCO F2 Pro,12,24:e5:0f:2d:13:79,0,19467,361,8,7
665552331,XiaomiPOCO F2 Pro,12,90:ca:fa:8b:26:29,0,5298,71,8,7
665552560,XiaomiPOCO F2 Pro,12,90:ca:fa:8b:13:b4,0,1840,97,8,7
665552560,XiaomiPOCO F2 Pro,12,24:e5:0f:2c:ff:15,0,16596,216,8,7
665552560,XiaomiPOCO F2 Pro,12,24:e5:0f:2d:13:79,0,18591,678,8,7
665552559,XiaomiPOCO F2 Pro,12,90:ca:fa:8b:26:29,0,6250,806,8,7
665552777,XiaomiPOCO F2 Pro,12,90:ca:fa:8b:13:b4,0,2368,760,8,7
665552777,XiaomiPOCO F2 Pro,12,24:e5:0f:2c:ff:15,0,15298,245,8,7
665552777,XiaomiPOCO F2 Pro,12,24:e5:0f:2d:13:79,0,19594,588,8,7
665552776,XiaomiPOCO F2 Pro,12,90:ca:fa:8b:26:29,0,6403,684,8,7
665553020,XiaomiPOCO F2 Pro,12,90:ca:fa:8b:13:b4,0,2378,898,8,7
665553019,XiaomiPOCO F2 Pro,12,24:e5:0f:2c:ff:15,0,15327,201,8,7
665553019,XiaomiPOCO F2 Pro,12,24:e5:0f:2d:13:79,0,19455,493,8,7
665553019,XiaomiPOCO F2 Pro,12,90:ca:fa:8b:26:29,0,6015,535,8,7
665553233,XiaomiPOCO F2 Pro,12,90:ca:fa:8b:13:b4,0,2671,598,8,7
665553232,XiaomiPOCO F2 Pro,12,24:e5:0f:2c:ff:15,0,15691,431,8,7
665553232,XiaomiPOCO F2 Pro,12,24:e5:0f:2d:13:79,0,18120,144,8,7
665553232,XiaomiPOCO F2 Pro,12,90:ca:fa:8b:26:29,0,6176,412,8,7
665553468,XiaomiPOCO F2 Pro,12,90:ca:fa:8b:13:b4,0,3364,134,8,7
665553467,XiaomiPOCO F2 Pro,12,24:e5:0f:2c:ff:15,0,16128,326,8,7
665553467,XiaomiPOCO F2 Pro,12,24:e5:0f:2d:13:79,0,17719,933,8,7
665553466,XiaomiPOCO F2 Pro,12,90:ca:fa:8b:26:29,0,6137,161,8,7
665553697,XiaomiPOCO F2 Pro,12,90:ca:fa:8b:13:b4,0,2182,219,8,7
665553696,XiaomiPOCO F2 Pro,12,24:e5:0f:2c:ff:15,0,15854,119,8,7
665553696,XiaomiPOCO F2 Pro,12,24:e5:0f:2d:13:79,0,18759,573,8,7
665553695,XiaomiPOCO F2 Pro,12,90:ca:fa:8b:26:29,0,5766,112,8,7
665553923,XiaomiPOCO F2 Pro,12,90:ca:fa:8b:13:b4,0,1938,235,8,7
665553922,XiaomiPOCO F2 Pro,12,24:e5:0f:2c:ff:15,0,15625,682,8,7
665553922,XiaomiPOCO F2 Pro,12,24:e5:0f:2d:13:79,0,18003,99,8,7
665553921,XiaomiPOCO F2 Pro,12,90:ca:fa:8b:26:29,0,6030,741,8,7
665554155,XiaomiPOCO F2 Pro,12,90:ca:fa:8b:13:b4,0,2776,595,8,7
665554155,XiaomiPOCO F2 Pro,12,24:e5:0f:2c:ff:15,0,14929,626,8,7
665554154,XiaomiPOCO F2 Pro,12,24:e5:0f:2d:13:79,0,17456,227,8,7
665554154,XiaomiPOCO F2 Pro,12,90:ca:fa:8b:26:29,0,5905,715,8,7
665554309,XiaomiPOCO F2 Pro,12,90:ca:fa:8b:13:b4,0,3296,222,8,7
665554308,XiaomiPOCO F2 Pro,12,24:e5:0f:2c:ff:15,0,14978,604,8,7
665554308,XiaomiPOCO F2 Pro,12,24:e5:0f:2d:13:79,0,18896,429,8,7
665554307,XiaomiPOCO F2 Pro,12,90:ca:fa:8b:26:29,0,6152,655,8,7
665554458,XiaomiPOCO F2 Pro,12,90:ca:fa:8b:13:b4,0,2927,423,8,7
665554458,XiaomiPOCO F2 Pro,12,24:e5:0f:2c:ff:15,0,14883,495,8,7
665554457,XiaomiPOCO F2 Pro,12,24:e5:0f:2d:13:79,0,17820,636,8,7
665554457,XiaomiPOCO F2 Pro,12,90:ca:fa:8b:26:29,0,6138,149,8,7
665554615,XiaomiPOCO F2 Pro,12,90:ca:fa:8b:13:b4,0,3205,694,8,7
665554615,XiaomiPOCO F2 Pro,12,24:e5:0f:2c:ff:15,0,14802,736,8,7
665554613,XiaomiPOCO F2 Pro,12,24:e5:0f:2d:13:79,0,19565,145,8,7
665554612,XiaomiPOCO F2 Pro,12,90:ca:fa:8b:26:29,0,5969,736,8,7
665554777,XiaomiPOCO F2 Pro,12,90:ca:fa:8b:13:b4,0,2485,312,8,7
665554776,XiaomiPOCO F2 Pro,12,24:e5:0f:2c:ff:15,0,14692,317,8,7
665554776,XiaomiPOCO F2 Pro,12,24:e5:0f:2d:13:79,0,18257,113,8,7
665554775,XiaomiPOCO F2 Pro,12,90:ca:fa:8b:26:29,0,5434,47,8,7
665554934,XiaomiPOCO F2 Pro,12,90:ca:fa:8b:13:b4,0,2475,802,8,7
665554934,XiaomiPOCO F2 Pro,12,24:e5:0f:2c:ff:15,0,14721,197,8,7
665554933,XiaomiPOCO F2 Pro,12,24:e5:0f:2d:13:79,0,19021,677,8,7
665554933,XiaomiPOCO F2 Pro,12,90:ca:fa:8b:26:29,0,6186,102,8,7
665555081,XiaomiPOCO F2 Pro,12,90:ca:fa:8b:13:b4,0,2915,804,8,7
665555081,XiaomiPOCO F2 Pro,12,24:e5:0f:2c:ff:15,0,15053,578,8,7
665555080,XiaomiPOCO F2 Pro,12,24:e5:0f:2d:13:79,0,19360,648,8,7
665555080,XiaomiPOCO F2 Pro,12,90:ca:fa:8b:26:29,0,6045,79,8,7
665555228,XiaomiPOCO F2 Pro,12,90:ca:fa:8b:13:b4,0,2954,365,8,7
665555227,XiaomiPOCO F2 Pro,12,24:e5:0f:2c:ff:15,0,14502,636,8,7
665555227,XiaomiPOCO F2 Pro,12,24:e5:0f:2d:13:79,0,17732,374,8,7
665555227,XiaomiPOCO F2 Pro,12,90:ca:fa:8b:26:29,0,6059,73,8,7
665555380,XiaomiPOCO F2 Pro,12,90:ca:fa:8b:13:b4,0,2329,181,8,7
665555380,XiaomiPOCO F2 Pro,12,24:e5:0f:2c:ff:15,0,14833,607,8,7
665555380,XiaomiPOCO F2 Pro,12,24:e5:0f:2d:13:79,0,18374,981,8,7
665555379,XiaomiPOCO F2 Pro,12,90:ca:fa:8b:26:29,0,5840,376,8,7
665555532,XiaomiPOCO F2 Pro,12,90:ca:fa:8b:13:b4,0,3198,150,8,7
665555532,XiaomiPOCO F2 Pro,12,24:e5:0f:2c:ff:15,0,14758,670,8,7
665555532,XiaomiPOCO F2 Pro,12,24:e5:0f:2d:13:79,0,18305,841,8,7
665555532,XiaomiPOCO F2 Pro,12,90:ca:fa:8b:26:29,0,6262,712,8,7
665555696,XiaomiPOCO F2 Pro,12,90:ca:fa:8b:13:b4,0,2055,0,8,7
665555695,XiaomiPOCO F2 Pro,12,24:e5:0f:2c:ff:15,0,14619,589,8,7
665555695,XiaomiPOCO F2 Pro,12,24:e5:0f:2d:13:79,0,19006,677,8,7
665555694,XiaomiPOCO F2 Pro,12,90:ca:fa:8b:26:29,0,5757,371,8,7
665555843,XiaomiPOCO F2 Pro,12,90:ca:fa:8b:13:b4,0,2075,194,8,7
665555842,XiaomiPOCO F2 Pro,12,24:e5:0f:2c:ff:15,0,14965,706,8,7
665555842,XiaomiPOCO F2 Pro,12,24:e5:0f:2d:13:79,0,18547,731,8,7
665555842,XiaomiPOCO F2 Pro,12,90:ca:fa:8b:26:29,0,6294,995,8,7
665555988,XiaomiPOCO F2 Pro,12,90:ca:fa:8b:13:b4,0,1948,192,8,7
665555988,XiaomiPOCO F2 Pro,12,24:e5:0f:2c:ff:15,0,14724,586,8,7
665555987,XiaomiPOCO F2 Pro,12,24:e5:0f:2d:13:79,0,17280,185,8,7
665555987,XiaomiPOCO F2 Pro,12,90:ca:fa:8b:26:29,0,5239,0,8,7
665556132,XiaomiPOCO F2 Pro,12,90:ca:fa:8b:13:b4,0,1948,168,8,7
665556132,XiaomiPOCO F2 Pro,12,24:e5:0f:2c:ff:15,0,14790,600,8,7
665556131,XiaomiPOCO F2 Pro,12,24:e5:0f:2d:13:79,0,16323,185,8,7
665556131,XiaomiPOCO F2 Pro,12,90:ca:fa:8b:26:29,0,6059,565,8,7
665556278,XiaomiPOCO F2 Pro,12,90:ca:fa:8b:13:b4,0,2524,172,8,7
665556277,XiaomiPOCO F2 Pro,12,24:e5:0f:2c:ff:15,0,14143,382,8,7
665556276,XiaomiPOCO F2 Pro,12,24:e5:0f:2d:13:79,0,15845,264,8,7
665556276,XiaomiPOCO F2 Pro,12,90:ca:fa:8b:26:29,0,5278,64,8,7
665556425,XiaomiPOCO F2 Pro,12,90:ca:fa:8b:13:b4,0,2832,923,8,7
665556425,XiaomiPOCO F2 Pro,12,24:e5:0f:2c:ff:15,0,14604,605,8,7
665556424,XiaomiPOCO F2 Pro,12,24:e5:0f:2d:13:79,0,15698,156,8,7
665556424,XiaomiPOCO F2 Pro,12,90:ca:fa:8b:26:29,0,6255,707,8,7
665556572,XiaomiPOCO F2 Pro,12,90:ca:fa:8b:13:b4,0,1372,1510,8,7
665556572,XiaomiPOCO F2 Pro,12,24:e5:0f:2c:ff:15,0,14130,295,8,7
665556571,XiaomiPOCO F2 Pro,12,24:e5:0f:2d:13:79,0,17329,107,8,7
665556571,XiaomiPOCO F2 Pro,12,90:ca:fa:8b:26:29,0,5861,658,8,7
665556732,XiaomiPOCO F2 Pro,12,90:ca:fa:8b:13:b4,0,2485,114,8,7
665556732,XiaomiPOCO F2 Pro,12,24:e5:0f:2c:ff:15,0,14387,522,8,7
665556732,XiaomiPOCO F2 Pro,12,24:e5:0f:2d:13:79,0,17016,137,8,7
665556731,XiaomiPOCO F2 Pro,12,90:ca:fa:8b:26:29,0,5454,155,8,7
665556883,XiaomiPOCO F2 Pro,12,90:ca:fa:8b:13:b4,0,2075,230,8,7
665556883,XiaomiPOCO F2 Pro,12,24:e5:0f:2c:ff:15,0,14541,446,8,7
665556883,XiaomiPOCO F2 Pro,12,24:e5:0f:2d:13:79,0,16416,51,8,7
665556882,XiaomiPOCO F2 Pro,12,90:ca:fa:8b:26:29,0,5991,406,8,7
665557039,XiaomiPOCO F2 Pro,12,90:ca:fa:8b:13:b4,0,2956,429,8,7
665557038,XiaomiPOCO F2 Pro,12,24:e5:0f:2c:ff:15,0,14941,452,8,7
665557038,XiaomiPOCO F2 Pro,12,24:e5:0f:2d:13:79,0,16118,99,8,7
665557037,XiaomiPOCO F2 Pro,12,90:ca:fa:8b:26:29,0,46680,248,8,7
665557200,XiaomiPOCO F2 Pro,12,90:ca:fa:8b:13:b4,0,3403,258,8,7
665557200,XiaomiPOCO F2 Pro,12,24:e5:0f:2c:ff:15,0,14626,688,8,7
665557199,XiaomiPOCO F2 Pro,12,24:e5:0f:2d:13:79,0,16841,769,8,7
665557199,XiaomiPOCO F2 Pro,12,90:ca:fa:8b:26:29,0,5808,508,8,7
665557357,XiaomiPOCO F2 Pro,12,90:ca:fa:8b:13:b4,0,2817,670,8,7
665557356,XiaomiPOCO F2 Pro,12,24:e5:0f:2c:ff:15,0,14709,616,8,7
665557356,XiaomiPOCO F2 Pro,12,24:e5:0f:2d:13:79,0,17973,159,8,7
665557355,XiaomiPOCO F2 Pro,12,90:ca:fa:8b:26:29,0,5659,136,8,7
665557505,XiaomiPOCO F2 Pro,12,90:ca:fa:8b:13:b4,0,2124,266,8,7
665557505,XiaomiPOCO F2 Pro,12,24:e5:0f:2c:ff:15,0,15256,530,8,7
665557505,XiaomiPOCO F2 Pro,12,24:e5:0f:2d:13:79,0,17876,423,8,7
665557505,XiaomiPOCO F2 Pro,12,90:ca:fa:8b:26:29,0,5998,419,8,7
665557649,XiaomiPOCO F2 Pro,12,90:ca:fa:8b:13:b4,0,2134,1329,8,7
665557649,XiaomiPOCO F2 Pro,12,24:e5:0f:2c:ff:15,0,16325,887,8,7
665557648,XiaomiPOCO F2 Pro,12,24:e5:0f:2d:13:79,0,20776,86,8,7
665557648,XiaomiPOCO F2 Pro,12,90:ca:fa:8b:26:29,0,7148,1105,8,7
665557792,XiaomiPOCO F2 Pro,12,90:ca:fa:8b:13:b4,0,2927,452,8,7
665557792,XiaomiPOCO F2 Pro,12,24:e5:0f:2c:ff:15,0,14619,648,8,7
665557792,XiaomiPOCO F2 Pro,12,24:e5:0f:2d:13:79,0,18598,264,8,7
665557791,XiaomiPOCO F2 Pro,12,90:ca:fa:8b:26:29,0,5998,571,8,7
665557936,XiaomiPOCO F2 Pro,12,90:ca:fa:8b:13:b4,0,3103,503,8,7
665557936,XiaomiPOCO F2 Pro,12,24:e5:0f:2c:ff:15,0,15234,521,8,7
665557936,XiaomiPOCO F2 Pro,12,24:e5:0f:2d:13:79,0,16899,149,8,7
665557935,XiaomiPOCO F2 Pro,12,90:ca:fa:8b:26:29,0,6401,667,8,7
665558081,XiaomiPOCO F2 Pro,12,90:ca:fa:8b:13:b4,0,2173,235,8,7
665558081,XiaomiPOCO F2 Pro,12,24:e5:0f:2c:ff:15,0,14904,717,8,7
665558081,XiaomiPOCO F2 Pro,12,24:e5:0f:2d:13:79,0,16616,323,8,7
665558080,XiaomiPOCO F2 Pro,12,90:ca:fa:8b:26:29,0,6115,544,8,7
665558228,XiaomiPOCO F2 Pro,12,90:ca:fa:8b:13:b4,0,2661,285,8,7
665558227,XiaomiPOCO F2 Pro,12,24:e5:0f:2c:ff:15,0,14751,63,8,7
665558227,XiaomiPOCO F2 Pro,12,24:e5:0f:2d:13:79,0,17456,184,8,7
665558226,XiaomiPOCO F2 Pro,12,90:ca:fa:8b:26:29,0,6069,133,8,7
665558379,XiaomiPOCO F2 Pro,12,90:ca:fa:8b:13:b4,0,3100,824,8,7
665558379,XiaomiPOCO F2 Pro,12,24:e5:0f:2c:ff:15,0,14333,459,8,7
665558379,XiaomiPOCO F2 Pro,12,24:e5:0f:2d:13:79,0,16352,64,8,7
665558379,XiaomiPOCO F2 Pro,12,90:ca:fa:8b:26:29,0,6174,745,8,7
665558521,XiaomiPOCO F2 Pro,12,90:ca:fa:8b:13:b4,0,2202,294,8,7
665558521,XiaomiPOCO F2 Pro,12,24:e5:0f:2c:ff:15,0,15109,490,8,7
665558520,XiaomiPOCO F2 Pro,12,24:e5:0f:2d:13:79,0,17456,199,8,7
665558520,XiaomiPOCO F2 Pro,12,90:ca:fa:8b:26:29,0,5757,87,8,7
665558661,XiaomiPOCO F2 Pro,12,90:ca:fa:8b:13:b4,0,2812,73,8,7
665558661,XiaomiPOCO F2 Pro,12,24:e5:0f:2c:ff:15,0,15600,72,8,7
665558661,XiaomiPOCO F2 Pro,12,24:e5:0f:2d:13:79,0,17680,65,8,7
665558660,XiaomiPOCO F2 Pro,12,90:ca:fa:8b:26:29,0,7048,936,8,7
665558808,XiaomiPOCO F2 Pro,12,90:ca:fa:8b:13:b4,0,1929,73,8,7
665558807,XiaomiPOCO F2 Pro,12,24:e5:0f:2c:ff:15,0,15175,664,8,7
665558807,XiaomiPOCO F2 Pro,12,24:e5:0f:2d:13:79,0,17051,307,8,7
665558806,XiaomiPOCO F2 Pro,12,90:ca:fa:8b:26:29,0,6255,1064,8,7
665558965,XiaomiPOCO F2 Pro,12,90:ca:fa:8b:13:b4,0,2212,215,8,7
665558964,XiaomiPOCO F2 Pro,12,24:e5:0f:2c:ff:15,0,15219,677,8,7
665558964,XiaomiPOCO F2 Pro,12,24:e5:0f:2d:13:79,0,17202,229,8,7
665558963,XiaomiPOCO F2 Pro,12,90:ca:fa:8b:26:29,0,5874,444,8,7
665559120,XiaomiPOCO F2 Pro,12,90:ca:fa:8b:13:b4,0,3100,847,8,7
665559120,XiaomiPOCO F2 Pro,12,24:e5:0f:2c:ff:15,0,15561,189,8,7
665559120,XiaomiPOCO F2 Pro,12,24:e5:0f:2d:13:79,0,16343,140,8,7
665559119,XiaomiPOCO F2 Pro,12,90:ca:fa:8b:26:29,0,5962,699,8,7
665559264,XiaomiPOCO F2 Pro,12,90:ca:fa:8b:13:b4,0,1919,58,8,7
665559264,XiaomiPOCO F2 Pro,12,24:e5:0f:2c:ff:15,0,15092,615,8,7
665559263,XiaomiPOCO F2 Pro,12,24:e5:0f:2d:13:79,0,16450,154,8,7
665559263,XiaomiPOCO F2 Pro,12,90:ca:fa:8b:26:29,0,6093,400,8,7
665559400,XiaomiPOCO F2 Pro,12,90:ca:fa:8b:13:b4,0,2348,131,8,7
665559399,XiaomiPOCO F2 Pro,12,24:e5:0f:2c:ff:15,0,14731,431,8,7
665559399,XiaomiPOCO F2 Pro,12,24:e5:0f:2d:13:79,0,17182,310,8,7
665559399,XiaomiPOCO F2 Pro,12,90:ca:fa:8b:26:29,0,5209,114,8,7
665559538,XiaomiPOCO F2 Pro,12,90:ca:fa:8b:13:b4,0,2710,133,8,7
665559537,XiaomiPOCO F2 Pro,12,24:e5:0f:2c:ff:15,0,15649,167,8,7
665559537,XiaomiPOCO F2 Pro,12,24:e5:0f:2d:13:79,0,17192,101,8,7
665559537,XiaomiPOCO F2 Pro,12,90:ca:fa:8b:26:29,0,6245,99,8,7
665559681,XiaomiPOCO F2 Pro,12,90:ca:fa:8b:13:b4,0,2348,42,8,7
665559680,XiaomiPOCO F2 Pro,12,24:e5:0f:2c:ff:15,0,14870,621,8,7
665559680,XiaomiPOCO F2 Pro,12,24:e5:0f:2d:13:79,0,16938,217,8,7
665559679,XiaomiPOCO F2 Pro,12,90:ca:fa:8b:26:29,0,5634,457,8,7
665559829,XiaomiPOCO F2 Pro,12,90:ca:fa:8b:13:b4,0,2094,173,8,7
665559828,XiaomiPOCO F2 Pro,12,24:e5:0f:2c:ff:15,0,15210,626,8,7
665559828,XiaomiPOCO F2 Pro,12,24:e5:0f:2d:13:79,0,17475,256,8,7
665559828,XiaomiPOCO F2 Pro,12,90:ca:fa:8b:26:29,0,5795,53,8,7
665559974,XiaomiPOCO F2 Pro,12,90:ca:fa:8b:13:b4,0,2690,183,8,7
665559973,XiaomiPOCO F2 Pro,12,24:e5:0f:2c:ff:15,0,14956,119,8,7
665559973,XiaomiPOCO F2 Pro,12,24:e5:0f:2d:13:79,0,17837,292,8,7
665559972,XiaomiPOCO F2 Pro,12,90:ca:fa:8b:26:29,0,6381,239,8,7
665560121,XiaomiPOCO F2 Pro,12,90:ca:fa:8b:13:b4,0,2368,253,8,7
665560121,XiaomiPOCO F2 Pro,12,24:e5:0f:2c:ff:15,0,14585,258,8,7
665560121,XiaomiPOCO F2 Pro,12,24:e5:0f:2d:13:79,0,17436,367,8,7
665560120,XiaomiPOCO F2 Pro,12,90:ca:fa:8b:26:29,0,5832,529,8,7
665560273,XiaomiPOCO F2 Pro,12,90:ca:fa:8b:13:b4,0,2839,530,8,7
665560273,XiaomiPOCO F2 Pro,12,24:e5:0f:2c:ff:15,0,14985,111,8,7
665560272,XiaomiPOCO F2 Pro,12,24:e5:0f:2d:13:79,0,17758,202,8,7
665560272,XiaomiPOCO F2 Pro,12,90:ca:fa:8b:26:29,0,6118,135,8,7
665560421,XiaomiPOCO F2 Pro,12,90:ca:fa:8b:13:b4,0,1987,121,8,7
665560421,XiaomiPOCO F2 Pro,12,24:e5:0f:2c:ff:15,0,15454,377,8,7
665560420,XiaomiPOCO F2 Pro,12,24:e5:0f:2d:13:79,0,16899,232,8,7
665560420,XiaomiPOCO F2 Pro,12,90:ca:fa:8b:26:29,0,6108,516,8,7
665560568,XiaomiPOCO F2 Pro,12,90:ca:fa:8b:13:b4,0,3017,700,8,7
665560568,XiaomiPOCO F2 Pro,12,24:e5:0f:2c:ff:15,0,14951,557,8,7
665560568,XiaomiPOCO F2 Pro,12,24:e5:0f:2d:13:79,0,19194,112,8,7
665560567,XiaomiPOCO F2 Pro,12,90:ca:fa:8b:26:29,0,6313,559,8,7
665560713,XiaomiPOCO F2 Pro,12,90:ca:fa:8b:13:b4,0,2280,159,8,7
665560713,XiaomiPOCO F2 Pro,12,24:e5:0f:2c:ff:15,0,14677,565,8,7
665560712,XiaomiPOCO F2 Pro,12,24:e5:0f:2d:13:79,0,16860,111,8,7
665560712,XiaomiPOCO F2 Pro,12,90:ca:fa:8b:26:29,0,5918,397,8,7
665560859,XiaomiPOCO F2 Pro,12,90:ca:fa:8b:13:b4,0,2104,135,8,7
665560859,XiaomiPOCO F2 Pro,12,24:e5:0f:2c:ff:15,0,15190,798,8,7
665560858,XiaomiPOCO F2 Pro,12,24:e5:0f:2d:13:79,0,16362,154,8,7
665560858,XiaomiPOCO F2 Pro,12,90:ca:fa:8b:26:29,0,5639,216,8,7
665561009,XiaomiPOCO F2 Pro,12,90:ca:fa:8b:13:b4,0,1938,111,8,7
665561008,XiaomiPOCO F2 Pro,12,24:e5:0f:2c:ff:15,0,14838,462,8,7
665561008,XiaomiPOCO F2 Pro,12,24:e5:0f:2d:13:79,0,16431,72,8,7
665561008,XiaomiPOCO F2 Pro,12,90:ca:fa:8b:26:29,0,7002,219,8,7
665561153,XiaomiPOCO F2 Pro,12,90:ca:fa:8b:13:b4,0,2942,490,8,7
665561152,XiaomiPOCO F2 Pro,12,24:e5:0f:2c:ff:15,0,14555,282,8,7
665561152,XiaomiPOCO F2 Pro,12,24:e5:0f:2d:13:79,0,17182,172,8,7
665561152,XiaomiPOCO F2 Pro,12,90:ca:fa:8b:26:29,0,6118,122,8,7
665561295,XiaomiPOCO F2 Pro,12,90:ca:fa:8b:13:b4,0,3022,167,8,7
665561295,XiaomiPOCO F2 Pro,12,24:e5:0f:2c:ff:15,0,16030,101,8,7
665561295,XiaomiPOCO F2 Pro,12,24:e5:0f:2d:13:79,0,16899,80,8,7
665561294,XiaomiPOCO F2 Pro,12,90:ca:fa:8b:26:29,0,6206,960,8,7
665561437,XiaomiPOCO F2 Pro,12,90:ca:fa:8b:13:b4,0,3091,624,8,7
665561437,XiaomiPOCO F2 Pro,12,24:e5:0f:2c:ff:15,0,15219,632,8,7
665561437,XiaomiPOCO F2 Pro,12,24:e5:0f:2d:13:79,0,16274,133,8,7
665561436,XiaomiPOCO F2 Pro,12,90:ca:fa:8b:26:29,0,6584,592,8,7
665561594,XiaomiPOCO F2 Pro,12,90:ca:fa:8b:13:b4,0,2026,122,8,7
665561594,XiaomiPOCO F2 Pro,12,24:e5:0f:2c:ff:15,0,15112,455,8,7
665561594,XiaomiPOCO F2 Pro,12,24:e5:0f:2d:13:79,0,16606,62,8,7
665561593,XiaomiPOCO F2 Pro,12,90:ca:fa:8b:26:29,0,6215,658,8,7
665561740,XiaomiPOCO F2 Pro,12,90:ca:fa:8b:13:b4,0,3230,768,8,7
665561740,XiaomiPOCO F2 Pro,12,24:e5:0f:2c:ff:15,0,14709,595,8,7
665561740,XiaomiPOCO F2 Pro,12,24:e5:0f:2d:13:79,0,17426,748,8,7
665561740,XiaomiPOCO F2 Pro,12,90:ca:fa:8b:26:29,0,5964,543,8,7
665561885,XiaomiPOCO F2 Pro,12,90:ca:fa:8b:13:b4,0,2612,160,8,7
665561885,XiaomiPOCO F2 Pro,12,24:e5:0f:2c:ff:15,0,15024,126,8,7
665561884,XiaomiPOCO F2 Pro,12,24:e5:0f:2d:13:79,0,18210,309,8,7
665561884,XiaomiPOCO F2 Pro,12,90:ca:fa:8b:26:29,0,6030,112,8,7
665562034,XiaomiPOCO F2 Pro,12,90:ca:fa:8b:13:b4,0,3191,629,8,7
665562034,XiaomiPOCO F2 Pro,12,24:e5:0f:2c:ff:15,0,14487,558,8,7
665562033,XiaomiPOCO F2 Pro,12,24:e5:0f:2d:13:79,0,20024,579,8,7
665562033,XiaomiPOCO F2 Pro,12,90:ca:fa:8b:26:29,0,6294,120,8,7
665562188,XiaomiPOCO F2 Pro,12,90:ca:fa:8b:13:b4,0,3100,633,8,7
665562187,XiaomiPOCO F2 Pro,12,24:e5:0f:2c:ff:15,0,15014,562,8,7
665562185,XiaomiPOCO F2 Pro,12,24:e5:0f:2d:13:79,0,20390,708,8,7
665562185,XiaomiPOCO F2 Pro,12,90:ca:fa:8b:26:29,0,5864,194,8,7
665562331,XiaomiPOCO F2 Pro,12,90:ca:fa:8b:13:b4,0,2270,230,8,7
665562331,XiaomiPOCO F2 Pro,12,24:e5:0f:2c:ff:15,0,14885,704,8,7
665562330,XiaomiPOCO F2 Pro,12,24:e5:0f:2d:13:79,0,20261,676,8,7
665562330,XiaomiPOCO F2 Pro,12,90:ca:fa:8b:26:29,0,6186,688,8,7
665562477,XiaomiPOCO F2 Pro,12,90:ca:fa:8b:13:b4,0,2905,177,8,7
665562477,XiaomiPOCO F2 Pro,12,24:e5:0f:2c:ff:15,0,14494,417,8,7
665562476,XiaomiPOCO F2 Pro,12,24:e5:0f:2d:13:79,0,20156,681,8,7
665562476,XiaomiPOCO F2 Pro,12,90:ca:fa:8b:26:29,0,5918,458,8,7
665562628,XiaomiPOCO F2 Pro,12,90:ca:fa:8b:13:b4,0,3120,394,8,7
665562628,XiaomiPOCO F2 Pro,12,24:e5:0f:2c:ff:15,0,14628,458,8,7
665562627,XiaomiPOCO F2 Pro,12,24:e5:0f:2d:13:79,0,20542,864,8,7
665562627,XiaomiPOCO F2 Pro,12,90:ca:fa:8b:26:29,0,5668,255,8,7
665562769,XiaomiPOCO F2 Pro,12,90:ca:fa:8b:13:b4,0,3237,1222,8,7
665562768,XiaomiPOCO F2 Pro,12,24:e5:0f:2c:ff:15,0,16181,750,8,7
665562768,XiaomiPOCO F2 Pro,12,24:e5:0f:2d:13:79,0,20932,1402,8,7
665562768,XiaomiPOCO F2 Pro,12,90:ca:fa:8b:26:29,0,7685,694,8,7
665562918,XiaomiPOCO F2 Pro,12,90:ca:fa:8b:13:b4,0,2907,309,8,7
665562917,XiaomiPOCO F2 Pro,12,24:e5:0f:2c:ff:15,0,14797,797,8,7
665562917,XiaomiPOCO F2 Pro,12,24:e5:0f:2d:13:79,0,19536,798,8,7
665562917,XiaomiPOCO F2 Pro,12,90:ca:fa:8b:26:29,0,6045,649,8,7
665563072,XiaomiPOCO F2 Pro,12,90:ca:fa:8b:13:b4,0,2905,272,8,7
665563071,XiaomiPOCO F2 Pro,12,24:e5:0f:2c:ff:15,0,14883,613,8,7
665563071,XiaomiPOCO F2 Pro,12,24:e5:0f:2d:13:79,0,19541,826,8,7
665563071,XiaomiPOCO F2 Pro,12,90:ca:fa:8b:26:29,0,5981,148,8,7
665563215,XiaomiPOCO F2 Pro,12,90:ca:fa:8b:13:b4,0,2182,172,8,7
665563215,XiaomiPOCO F2 Pro,12,24:e5:0f:2c:ff:15,0,14907,385,8,7
665563214,XiaomiPOCO F2 Pro,12,24:e5:0f:2d:13:79,0,20415,368,8,7
665563214,XiaomiPOCO F2 Pro,12,90:ca:fa:8b:26:29,0,6416,613,8,7
665563362,XiaomiPOCO F2 Pro,12,90:ca:fa:8b:13:b4,0,1929,60,8,7
665563362,XiaomiPOCO F2 Pro,12,24:e5:0f:2c:ff:15,0,14846,594,8,7
665563362,XiaomiPOCO F2 Pro,12,24:e5:0f:2d:13:79,0,20376,105,8,7
665563361,XiaomiPOCO F2 Pro,12,90:ca:fa:8b:26:29,0,6123,536,8,7
665563503,XiaomiPOCO F2 Pro,12,90:ca:fa:8b:13:b4,0,2949,602,8,7
665563503,XiaomiPOCO F2 Pro,12,24:e5:0f:2c:ff:15,0,14641,616,8,7
665563503,XiaomiPOCO F2 Pro,12,24:e5:0f:2d:13:79,0,20566,708,8,7
665563502,XiaomiPOCO F2 Pro,12,90:ca:fa:8b:26:29,0,6335,592,8,7
665563651,XiaomiPOCO F2 Pro,12,90:ca:fa:8b:13:b4,0,2358,204,8,7
665563651,XiaomiPOCO F2 Pro,12,24:e5:0f:2c:ff:15,0,14765,716,8,7
665563651,XiaomiPOCO F2 Pro,12,24:e5:0f:2d:13:79,0,20244,504,8,7
665563650,XiaomiPOCO F2 Pro,12,90:ca:fa:8b:26:29,0,5610,149,8,7
665563792,XiaomiPOCO F2 Pro,12,90:ca:fa:8b:13:b4,0,2563,428,8,7
665563792,XiaomiPOCO F2 Pro,12,24:e5:0f:2c:ff:15,0,14650,688,8,7
665563792,XiaomiPOCO F2 Pro,12,24:e5:0f:2d:13:79,0,20393,512,8,7
665563791,XiaomiPOCO F2 Pro,12,90:ca:fa:8b:26:29,0,5337,90,8,7
665563939,XiaomiPOCO F2 Pro,12,90:ca:fa:8b:13:b4,0,2505,823,8,7
665563939,XiaomiPOCO F2 Pro,12,24:e5:0f:2c:ff:15,0,14253,412,8,7
665563938,XiaomiPOCO F2 Pro,12,24:e5:0f:2d:13:79,0,20310,673,8,7
665563938,XiaomiPOCO F2 Pro,12,90:ca:fa:8b:26:29,0,5976,603,8,7
665564087,XiaomiPOCO F2 Pro,12,90:ca:fa:8b:13:b4,0,2671,289,8,7
665564087,XiaomiPOCO F2 Pro,12,24:e5:0f:2c:ff:15,0,14443,392,8,7
665564086,XiaomiPOCO F2 Pro,12,24:e5:0f:2d:13:79,0,20390,550,8,7
665564086,XiaomiPOCO F2 Pro,12,90:ca:fa:8b:26:29,0,5713,250,8,7
665564252,XiaomiPOCO F2 Pro,12,90:ca:fa:8b:13:b4,0,2973,219,8,7
665564251,XiaomiPOCO F2 Pro,12,24:e5:0f:2c:ff:15,0,14628,677,8,7
665564251,XiaomiPOCO F2 Pro,12,24:e5:0f:2d:13:79,0,20415,515,8,7
665564251,XiaomiPOCO F2 Pro,12,90:ca:fa:8b:26:29,0,5893,96,8,6
665564399,XiaomiPOCO F2 Pro,12,90:ca:fa:8b:13:b4,0,1977,75,8,7
665564398,XiaomiPOCO F2 Pro,12,24:e5:0f:2c:ff:15,0,14428,440,8,7
665564398,XiaomiPOCO F2 Pro,12,24:e5:0f:2d:13:79,0,17085,112,8,7
665564398,XiaomiPOCO F2 Pro,12,90:ca:fa:8b:26:29,0,6057,710,8,7
665564542,XiaomiPOCO F2 Pro,12,90:ca:fa:8b:13:b4,0,2622,783,8,7
665564541,XiaomiPOCO F2 Pro,12,24:e5:0f:2c:ff:15,0,14860,614,8,7
665564541,XiaomiPOCO F2 Pro,12,24:e5:0f:2d:13:79,0,17846,652,8,7
665564541,XiaomiPOCO F2 Pro,12,90:ca:fa:8b:26:29,0,6306,543,8,7
665564686,XiaomiPOCO F2 Pro,12,90:ca:fa:8b:13:b4,0,2934,194,8,7
665564686,XiaomiPOCO F2 Pro,12,24:e5:0f:2c:ff:15,0,16079,992,8,7
665564685,XiaomiPOCO F2 Pro,12,24:e5:0f:2d:13:79,0,18159,234,8,7
665564685,XiaomiPOCO F2 Pro,12,90:ca:fa:8b:26:29,0,6601,102,8,7
665564836,XiaomiPOCO F2 Pro,12,90:ca:fa:8b:13:b4,0,3032,936,8,7
665564836,XiaomiPOCO F2 Pro,12,24:e5:0f:2c:ff:15,0,14599,634,8,7
665564836,XiaomiPOCO F2 Pro,12,24:e5:0f:2d:13:79,0,16528,145,8,7
665564835,XiaomiPOCO F2 Pro,12,90:ca:fa:8b:26:29,0,6506,550,8,7
665564980,XiaomiPOCO F2 Pro,12,90:ca:fa:8b:13:b4,0,2583,180,8,7
665564979,XiaomiPOCO F2 Pro,12,24:e5:0f:2c:ff:15,0,14882,705,8,7
665564979,XiaomiPOCO F2 Pro,12,24:e5:0f:2d:13:79,0,17563,143,8,7
665564979,XiaomiPOCO F2 Pro,12,90:ca:fa:8b:26:29,0,5903,208,8,7
665565128,XiaomiPOCO F2 Pro,12,90:ca:fa:8b:13:b4,0,3169,266,8,7
665565127,XiaomiPOCO F2 Pro,12,24:e5:0f:2c:ff:15,0,14655,506,8,7
665565127,XiaomiPOCO F2 Pro,12,24:e5:0f:2d:13:79,0,18130,347,8,7
665565127,XiaomiPOCO F2 Pro,12,90:ca:fa:8b:26:29,0,6027,526,8,7
665565274,XiaomiPOCO F2 Pro,12,90:ca:fa:8b:13:b4,0,2163,256,8,7
665565274,XiaomiPOCO F2 Pro,12,24:e5:0f:2c:ff:15,0,14333,452,8,7
665565274,XiaomiPOCO F2 Pro,12,24:e5:0f:2d:13:79,0,17387,191,8,7
665565274,XiaomiPOCO F2 Pro,12,90:ca:fa:8b:26:29,0,6035,731,8,7
665565423,XiaomiPOCO F2 Pro,12,90:ca:fa:8b:13:b4,0,2192,842,8,7
665565422,XiaomiPOCO F2 Pro,12,24:e5:0f:2c:ff:15,0,14775,501,8,7
665565422,XiaomiPOCO F2 Pro,12,24:e5:0f:2d:13:79,0,17534,1001,8,7
665565422,XiaomiPOCO F2 Pro,12,90:ca:fa:8b:26:29,0,6127,233,8,7
665565572,XiaomiPOCO F2 Pro,12,90:ca:fa:8b:13:b4,0,2173,194,8,7
665565571,XiaomiPOCO F2 Pro,12,24:e5:0f:2c:ff:15,0,14475,665,8,7
665565571,XiaomiPOCO F2 Pro,12,24:e5:0f:2d:13:79,0,19555,99,8,7
665565571,XiaomiPOCO F2 Pro,12,90:ca:fa:8b:26:29,0,6074,671,8,7
665565712,XiaomiPOCO F2 Pro,12,90:ca:fa:8b:13:b4,0,2407,835,8,7
665565712,XiaomiPOCO F2 Pro,12,24:e5:0f:2c:ff:15,0,15134,607,8,7
665565712,XiaomiPOCO F2 Pro,12,24:e5:0f:2d:13:79,0,19360,504,8,7
665565711,XiaomiPOCO F2 Pro,12,90:ca:fa:8b:26:29,0,6213,472,8,7
665565856,XiaomiPOCO F2 Pro,12,90:ca:fa:8b:13:b4,0,2046,13,8,7
665565856,XiaomiPOCO F2 Pro,12,24:e5:0f:2c:ff:15,0,14091,402,8,7
665565856,XiaomiPOCO F2 Pro,12,24:e5:0f:2d:13:79,0,18081,463,8,7
665565856,XiaomiPOCO F2 Pro,12,90:ca:fa:8b:26:29,0,5676,510,8,7
665565998,XiaomiPOCO F2 Pro,12,90:ca:fa:8b:13:b4,0,1919,60,8,7
665565997,XiaomiPOCO F2 Pro,12,24:e5:0f:2c:ff:15,0,14231,403,8,7
665565997,XiaomiPOCO F2 Pro,12,24:e5:0f:2d:13:79,0,20083,29,8,7
665565997,XiaomiPOCO F2 Pro,12,90:ca:fa:8b:26:29,0,6247,596,8,7
665566143,XiaomiPOCO F2 Pro,12,90:ca:fa:8b:13:b4,0,2817,966,8,7
665566142,XiaomiPOCO F2 Pro,12,24:e5:0f:2c:ff:15,0,14714,622,8,7
665566142,XiaomiPOCO F2 Pro,12,24:e5:0f:2d:13:79,0,19741,267,8,7
665566142,XiaomiPOCO F2 Pro,12,90:ca:fa:8b:26:29,0,6186,598,8,7
665566291,XiaomiPOCO F2 Pro,12,90:ca:fa:8b:13:b4,0,2876,251,8,7
665566291,XiaomiPOCO F2 Pro,12,24:e5:0f:2c:ff:15,0,14795,611,8,7
665566290,XiaomiPOCO F2 Pro,12,24:e5:0f:2d:13:79,0,21013,661,8,7
665566290,XiaomiPOCO F2 Pro,12,90:ca:fa:8b:26:29,0,6504,844,8,7
665566441,XiaomiPOCO F2 Pro,12,90:ca:fa:8b:13:b4,0,3098,555,8,7
665566441,XiaomiPOCO F2 Pro,12,24:e5:0f:2c:ff:15,0,14423,501,8,7
665566440,XiaomiPOCO F2 Pro,12,24:e5:0f:2d:13:79,0,20688,845,8,7
665566440,XiaomiPOCO F2 Pro,12,90:ca:fa:8b:26:29,0,6186,847,8,7
665566584,XiaomiPOCO F2 Pro,12,90:ca:fa:8b:13:b4,0,2514,93,8,7
665566584,XiaomiPOCO F2 Pro,12,24:e5:0f:2c:ff:15,0,14650,638,8,7
665566584,XiaomiPOCO F2 Pro,12,24:e5:0f:2d:13:79,0,20803,693,8,7
665566583,XiaomiPOCO F2 Pro,12,90:ca:fa:8b:26:29,0,6059,153,8,7
665566731,XiaomiPOCO F2 Pro,12,90:ca:fa:8b:13:b4,0,2514,254,8,7
665566730,XiaomiPOCO F2 Pro,12,24:e5:0f:2c:ff:15,0,14326,427,8,7
665566730,XiaomiPOCO F2 Pro,12,24:e5:0f:2d:13:79,0,20200,521,8,7
665566730,XiaomiPOCO F2 Pro,12,90:ca:fa:8b:26:29,0,5815,449,8,7
665566879,XiaomiPOCO F2 Pro,12,90:ca:fa:8b:13:b4,0,2260,34,8,7
665566879,XiaomiPOCO F2 Pro,12,24:e5:0f:2c:ff:15,0,15092,782,8,7
665566878,XiaomiPOCO F2 Pro,12,24:e5:0f:2d:13:79,0,20537,648,8,7
665566878,XiaomiPOCO F2 Pro,12,90:ca:fa:8b:26:29,0,5708,112,8,7
665567028,XiaomiPOCO F2 Pro,12,90:ca:fa:8b:13:b4,0,3251,685,8,7
665567028,XiaomiPOCO F2 Pro,12,24:e5:0f:2c:ff:15,0,14460,467,8,7
665567027,XiaomiPOCO F2 Pro,12,24:e5:0f:2d:13:79,0,19536,289,8,7
665567027,XiaomiPOCO F2 Pro,12,90:ca:fa:8b:26:29,0,6110,619,8,7
665567178,XiaomiPOCO F2 Pro,12,90:ca:fa:8b:13:b4,0,2866,598,8,7
665567178,XiaomiPOCO F2 Pro,12,24:e5:0f:2c:ff:15,0,14760,751,8,7
665567178,XiaomiPOCO F2 Pro,12,24:e5:0f:2d:13:79,0,20190,128,8,7
665567177,XiaomiPOCO F2 Pro,12,90:ca:fa:8b:26:29,0,5773,621,8,7
665567329,XiaomiPOCO F2 Pro,12,90:ca:fa:8b:13:b4,0,2863,501,8,7
665567328,XiaomiPOCO F2 Pro,12,24:e5:0f:2c:ff:15,0,14555,450,8,7
665567328,XiaomiPOCO F2 Pro,12,24:e5:0f:2d:13:79,0,20766,685,8,7
665567328,XiaomiPOCO F2 Pro,12,90:ca:fa:8b:26:29,0,5964,665,8,7
665567475,XiaomiPOCO F2 Pro,12,90:ca:fa:8b:13:b4,0,2085,324,8,7
665567475,XiaomiPOCO F2 Pro,12,24:e5:0f:2c:ff:15,0,14497,466,8,7
665567475,XiaomiPOCO F2 Pro,12,24:e5:0f:2d:13:79,0,19204,535,8,7
665567474,XiaomiPOCO F2 Pro,12,90:ca:fa:8b:26:29,0,6066,552,8,7
665567621,XiaomiPOCO F2 Pro,12,90:ca:fa:8b:13:b4,0,2583,124,8,7
665567620,XiaomiPOCO F2 Pro,12,24:e5:0f:2c:ff:15,0,14860,467,8,7
665567620,XiaomiPOCO F2 Pro,12,24:e5:0f:2d:13:79,0,19702,442,8,7
665567620,XiaomiPOCO F2 Pro,12,90:ca:fa:8b:26:29,0,6372,620,8,7
665567760,XiaomiPOCO F2 Pro,12,90:ca:fa:8b:13:b4,0,2495,497,8,7
665567759,XiaomiPOCO F2 Pro,12,24:e5:0f:2c:ff:15,0,14348,650,8,7
665567759,XiaomiPOCO F2 Pro,12,24:e5:0f:2d:13:79,0,19233,109,8,7
665567759,XiaomiPOCO F2 Pro,12,90:ca:fa:8b:26:29,0,5676,659,8,7
665567910,XiaomiPOCO F2 Pro,12,90:ca:fa:8b:13:b4,0,2143,243,8,7
665567910,XiaomiPOCO F2 Pro,12,24:e5:0f:2c:ff:15,0,14948,632,8,7
665567910,XiaomiPOCO F2 Pro,12,24:e5:0f:2d:13:79,0,19477,663,8,7
665567910,XiaomiPOCO F2 Pro,12,90:ca:fa:8b:26:29,0,5590,162,8,7
665568064,XiaomiPOCO F2 Pro,12,90:ca:fa:8b:13:b4,0,2758,277,8,7
665568064,XiaomiPOCO F2 Pro,12,24:e5:0f:2c:ff:15,0,14841,488,8,7
665568063,XiaomiPOCO F2 Pro,12,24:e5:0f:2d:13:79,0,20583,604,8,7
665568063,XiaomiPOCO F2 Pro,12,90:ca:fa:8b:26:29,0,5922,146,8,7
665568211,XiaomiPOCO F2 Pro,12,90:ca:fa:8b:13:b4,0,2046,159,8,7
665568211,XiaomiPOCO F2 Pro,12,24:e5:0f:2c:ff:15,0,14568,398,8,7
665568210,XiaomiPOCO F2 Pro,12,24:e5:0f:2d:13:79,0,20268,868,8,7
665568210,XiaomiPOCO F2 Pro,12,90:ca:fa:8b:26:29,0,6123,540,8,7
665568355,XiaomiPOCO F2 Pro,12,90:ca:fa:8b:13:b4,0,3154,761,8,7
665568355,XiaomiPOCO F2 Pro,12,24:e5:0f:2c:ff:15,0,14450,345,8,7
665568354,XiaomiPOCO F2 Pro,12,24:e5:0f:2d:13:79,0,19311,343,8,7
665568354,XiaomiPOCO F2 Pro,12,90:ca:fa:8b:26:29,0,5923,348,8,7
665568503,XiaomiPOCO F2 Pro,12,90:ca:fa:8b:13:b4,0,2202,252,8,7
665568503,XiaomiPOCO F2 Pro,12,24:e5:0f:2c:ff:15,0,14694,454,8,7
665568503,XiaomiPOCO F2 Pro,12,24:e5:0f:2d:13:79,0,20044,676,8,7
665568502,XiaomiPOCO F2 Pro,12,90:ca:fa:8b:26:29,0,6264,487,8,7
665568651,XiaomiPOCO F2 Pro,12,90:ca:fa:8b:13:b4,0,2895,327,8,7
665568651,XiaomiPOCO F2 Pro,12,24:e5:0f:2c:ff:15,0,14804,682,8,7
665568650,XiaomiPOCO F2 Pro,12,24:e5:0f:2d:13:79,0,18286,247,8,7
665568650,XiaomiPOCO F2 Pro,12,90:ca:fa:8b:26:29,0,6215,266,8,7
665568796,XiaomiPOCO F2 Pro,12,90:ca:fa:8b:13:b4,0,1987,70,8,7
665568796,XiaomiPOCO F2 Pro,12,24:e5:0f:2c:ff:15,0,14355,459,8,7
665568795,XiaomiPOCO F2 Pro,12,24:e5:0f:2d:13:79,0,19770,310,8,7
665568795,XiaomiPOCO F2 Pro,12,90:ca:fa:8b:26:29,0,5815,382,8,7
665568941,XiaomiPOCO F2 Pro,12,90:ca:fa:8b:13:b4,0,3159,680,8,7
665568941,XiaomiPOCO F2 Pro,12,24:e5:0f:2c:ff:15,0,14619,409,8,7
665568940,XiaomiPOCO F2 Pro,12,24:e5:0f:2d:13:79,0,20434,1129,8,7
665568940,XiaomiPOCO F2 Pro,12,90:ca:fa:8b:26:29,0,6460,624,8,7
665569089,XiaomiPOCO F2 Pro,12,90:ca:fa:8b:13:b4,0,2602,856,8,7
665569089,XiaomiPOCO F2 Pro,12,24:e5:0f:2c:ff:15,0,14860,602,8,7
665569088,XiaomiPOCO F2 Pro,12,24:e5:0f:2d:13:79,0,17553,36,8,7
665569088,XiaomiPOCO F2 Pro,12,90:ca:fa:8b:26:29,0,6391,744,8,7
665569239,XiaomiPOCO F2 Pro,12,90:ca:fa:8b:13:b4,0,2065,243,8,7
665569239,XiaomiPOCO F2 Pro,12,24:e5:0f:2c:ff:15,0,14350,241,8,7
665569239,XiaomiPOCO F2 Pro,12,24:e5:0f:2d:13:79,0,20642,668,8,7
665569238,XiaomiPOCO F2 Pro,12,90:ca:fa:8b:26:29,0,5678,273,8,7
665569388,XiaomiPOCO F2 Pro,12,90:ca:fa:8b:13:b4,0,2983,733,8,7
665569388,XiaomiPOCO F2 Pro,12,24:e5:0f:2c:ff:15,0,14533,456,8,7
665569388,XiaomiPOCO F2 Pro,12,24:e5:0f:2d:13:79,0,19858,77,8,7
665569387,XiaomiPOCO F2 Pro,12,90:ca:fa:8b:26:29,0,6066,688,8,7
665569539,XiaomiPOCO F2 Pro,12,90:ca:fa:8b:13:b4,0,2407,117,8,7
665569539,XiaomiPOCO F2 Pro,12,24:e5:0f:2c:ff:15,0,14721,637,8,7
665569537,XiaomiPOCO F2 Pro,12,24:e5:0f:2d:13:79,0,20149,296,8,7
665569537,XiaomiPOCO F2 Pro,12,90:ca:fa:8b:26:29,0,5805,80,8,7
665569687,XiaomiPOCO F2 Pro,12,90:ca:fa:8b:13:b4,0,3051,250,8,7
665569686,XiaomiPOCO F2 Pro,12,24:e5:0f:2c:ff:15,0,14685,670,8,7
665569686,XiaomiPOCO F2 Pro,12,24:e5:0f:2d:13:79,0,20280,375,8,7
665569685,XiaomiPOCO F2 Pro,12,90:ca:fa:8b:26:29,0,6303,647,8,7
665569836,XiaomiPOCO F2 Pro,12,90:ca:fa:8b:13:b4,0,2329,96,8,7
665569836,XiaomiPOCO F2 Pro,12,24:e5:0f:2c:ff:15,0,15212,673,8,7
665569836,XiaomiPOCO F2 Pro,12,24:e5:0f:2d:13:79,0,19987,458,8,7
665569835,XiaomiPOCO F2 Pro,12,90:ca:fa:8b:26:29,0,5910,440,8,7
665569982,XiaomiPOCO F2 Pro,12,90:ca:fa:8b:13:b4,0,3081,573,8,7
665569982,XiaomiPOCO F2 Pro,12,24:e5:0f:2c:ff:15,0,14790,603,8,7
665569981,XiaomiPOCO F2 Pro,12,24:e5:0f:2d:13:79,0,20161,27,8,7
665569981,XiaomiPOCO F2 Pro,12,90:ca:fa:8b:26:29,0,6213,776,8,7
665570128,XiaomiPOCO F2 Pro,12,90:ca:fa:8b:13:b4,0,1938,24,8,7
665570128,XiaomiPOCO F2 Pro,12,24:e5:0f:2c:ff:15,0,14904,727,8,7
665570128,XiaomiPOCO F2 Pro,12,24:e5:0f:2d:13:79,0,20278,162,8,7
665570127,XiaomiPOCO F2 Pro,12,90:ca:fa:8b:26:29,0,5793,510,8,7
665570280,XiaomiPOCO F2 Pro,12,90:ca:fa:8b:13:b4,0,3256,290,8,7
665570279,XiaomiPOCO F2 Pro,12,24:e5:0f:2c:ff:15,0,14736,625,8,7
665570279,XiaomiPOCO F2 Pro,12,24:e5:0f:2d:13:79,0,20910,744,8,7
665570278,XiaomiPOCO F2 Pro,12,90:ca:fa:8b:26:29,0,5727,497,8,7
665570430,XiaomiPOCO F2 Pro,12,90:ca:fa:8b:13:b4,0,2133,177,8,7
665570430,XiaomiPOCO F2 Pro,12,24:e5:0f:2c:ff:15,0,14838,568,8,7
665570430,XiaomiPOCO F2 Pro,12,24:e5:0f:2d:13:79,0,20239,426,8,7
665570429,XiaomiPOCO F2 Pro,12,90:ca:fa:8b:26:29,0,5454,222,8,7
665570582,XiaomiPOCO F2 Pro,12,90:ca:fa:8b:13:b4,0,1918,269,8,7
665570582,XiaomiPOCO F2 Pro,12,24:e5:0f:2c:ff:15,0,15376,361,8,7
665570582,XiaomiPOCO F2 Pro,12,24:e5:0f:2d:13:79,0,19536,177,8,7
665570582,XiaomiPOCO F2 Pro,12,90:ca:fa:8b:26:29,0,6110,772,8,7
665570723,XiaomiPOCO F2 Pro,12,90:ca:fa:8b:13:b4,0,2817,216,8,7
665570723,XiaomiPOCO F2 Pro,12,24:e5:0f:2c:ff:15,0,14377,423,8,7
665570723,XiaomiPOCO F2 Pro,12,24:e5:0f:2d:13:79,0,20295,550,8,7
665570723,XiaomiPOCO F2 Pro,12,90:ca:fa:8b:26:29,0,6675,245,8,5
665570922,XiaomiPOCO F2 Pro,12,90:ca:fa:8b:13:b4,0,1879,29,8,7
665570922,XiaomiPOCO F2 Pro,12,24:e5:0f:2c:ff:15,0,14568,549,8,7
665570921,XiaomiPOCO F2 Pro,12,24:e5:0f:2d:13:79,0,20229,63,8,7
665570920,XiaomiPOCO F2 Pro,12,90:ca:fa:8b:26:29,0,5478,114,8,7
665571110,XiaomiPOCO F2 Pro,12,90:ca:fa:8b:13:b4,0,2766,69,8,7
665571110,XiaomiPOCO F2 Pro,12,24:e5:0f:2c:ff:15,0,14321,521,8,7
665571109,XiaomiPOCO F2 Pro,12,24:e5:0f:2d:13:79,0,20412,526,8,7
665571109,XiaomiPOCO F2 Pro,12,90:ca:fa:8b:26:29,0,6250,671,8,7
665571297,XiaomiPOCO F2 Pro,12,90:ca:fa:8b:13:b4,0,2466,850,8,7
665571296,XiaomiPOCO F2 Pro,12,24:e5:0f:2c:ff:15,0,14546,644,8,7
665571296,XiaomiPOCO F2 Pro,12,24:e5:0f:2d:13:79,0,20456,704,8,7
665571295,XiaomiPOCO F2 Pro,12,90:ca:fa:8b:26:29,0,5405,67,8,7
665571461,XiaomiPOCO F2 Pro,12,90:ca:fa:8b:13:b4,0,2329,209,8,7
665571460,XiaomiPOCO F2 Pro,12,24:e5:0f:2c:ff:15,0,14253,529,8,7
665571460,XiaomiPOCO F2 Pro,12,24:e5:0f:2d:13:79,0,20713,539,8,7
665571459,XiaomiPOCO F2 Pro,12,90:ca:fa:8b:26:29,0,5947,617,8,7
665571615,XiaomiPOCO F2 Pro,12,90:ca:fa:8b:13:b4,0,2832,574,8,7
665571615,XiaomiPOCO F2 Pro,12,24:e5:0f:2c:ff:15,0,14260,390,8,7
665571615,XiaomiPOCO F2 Pro,12,24:e5:0f:2d:13:79,0,20356,99,8,7
665571615,XiaomiPOCO F2 Pro,12,90:ca:fa:8b:26:29,0,6559,533,8,7
665571802,XiaomiPOCO F2 Pro,12,90:ca:fa:8b:13:b4,0,2573,210,8,7
665571802,XiaomiPOCO F2 Pro,12,24:e5:0f:2c:ff:15,0,14494,624,8,7
665571802,XiaomiPOCO F2 Pro,12,24:e5:0f:2d:13:79,0,20595,414,8,7
665571802,XiaomiPOCO F2 Pro,12,90:ca:fa:8b:26:29,0,5571,159,8,7
665571956,XiaomiPOCO F2 Pro,12,90:ca:fa:8b:13:b4,0,1879,49,8,7
665571956,XiaomiPOCO F2 Pro,12,24:e5:0f:2c:ff:15,0,14692,583,8,7
665571955,XiaomiPOCO F2 Pro,12,24:e5:0f:2d:13:79,0,20825,227,8,7
665571955,XiaomiPOCO F2 Pro,12,90:ca:fa:8b:26:29,0,6035,550,8,7
665572110,XiaomiPOCO F2 Pro,12,90:ca:fa:8b:13:b4,0,3061,182,8,7
665572109,XiaomiPOCO F2 Pro,12,24:e5:0f:2c:ff:15,0,14487,522,8,7
665572109,XiaomiPOCO F2 Pro,12,24:e5:0f:2d:13:79,0,20544,733,8,7
665572109,XiaomiPOCO F2 Pro,12,90:ca:fa:8b:26:29,0,6538,286,8,7
665572257,XiaomiPOCO F2 Pro,12,90:ca:fa:8b:13:b4,0,2153,58,8,7
665572257,XiaomiPOCO F2 Pro,12,24:e5:0f:2c:ff:15,0,15014,753,8,7
665572256,XiaomiPOCO F2 Pro,12,24:e5:0f:2d:13:79,0,20771,681,8,7
665572256,XiaomiPOCO F2 Pro,12,90:ca:fa:8b:26:29,0,5512,73,8,7
665572415,XiaomiPOCO F2 Pro,12,90:ca:fa:8b:13:b4,0,3032,877,8,7
665572414,XiaomiPOCO F2 Pro,12,24:e5:0f:2c:ff:15,0,14597,663,8,7
665572414,XiaomiPOCO F2 Pro,12,24:e5:0f:2d:13:79,0,19546,620,8,7
665572413,XiaomiPOCO F2 Pro,12,90:ca:fa:8b:26:29,0,6086,616,8,7
665572571,XiaomiPOCO F2 Pro,12,90:ca:fa:8b:13:b4,0,2749,133,8,7
665572571,XiaomiPOCO F2 Pro,12,24:e5:0f:2c:ff:15,0,14948,635,8,7
665572571,XiaomiPOCO F2 Pro,12,24:e5:0f:2d:13:79,0,21049,505,8,7
665572570,XiaomiPOCO F2 Pro,12,90:ca:fa:8b:26:29,0,5954,550,8,7
665572787,XiaomiPOCO F2 Pro,12,90:ca:fa:8b:13:b4,0,1811,119,8,7
665572786,XiaomiPOCO F2 Pro,12,24:e5:0f:2c:ff:15,0,14655,599,8,7
665572786,XiaomiPOCO F2 Pro,12,24:e5:0f:2d:13:79,0,20678,239,8,7
665572785,XiaomiPOCO F2 Pro,12,90:ca:fa:8b:26:29,0,5376,40,8,7
665573009,XiaomiPOCO F2 Pro,12,90:ca:fa:8b:13:b4,0,2993,540,8,7
665573009,XiaomiPOCO F2 Pro,12,24:e5:0f:2c:ff:15,0,14370,642,8,7
665573008,XiaomiPOCO F2 Pro,12,24:e5:0f:2d:13:79,0,20427,534,8,7
665573008,XiaomiPOCO F2 Pro,12,90:ca:fa:8b:26:29,0,5954,612,8,7
665573170,XiaomiPOCO F2 Pro,12,90:ca:fa:8b:13:b4,0,1909,45,8,7
665573170,XiaomiPOCO F2 Pro,12,24:e5:0f:2c:ff:15,0,14875,861,8,7
665573169,XiaomiPOCO F2 Pro,12,24:e5:0f:2d:13:79,0,19936,147,8,7
665573169,XiaomiPOCO F2 Pro,12,90:ca:fa:8b:26:29,0,5376,104,8,7
665573392,XiaomiPOCO F2 Pro,12,90:ca:fa:8b:13:b4,0,2514,195,8,7
665573392,XiaomiPOCO F2 Pro,12,24:e5:0f:2c:ff:15,0,14685,593,8,7
665573389,XiaomiPOCO F2 Pro,12,24:e5:0f:2d:13:79,0,19497,818,8,7
665573389,XiaomiPOCO F2 Pro,12,90:ca:fa:8b:26:29,0,5864,408,8,7
665573592,XiaomiPOCO F2 Pro,12,90:ca:fa:8b:13:b4,0,1928,27,8,7
665573591,XiaomiPOCO F2 Pro,12,24:e5:0f:2c:ff:15,0,14641,551,8,7
665573591,XiaomiPOCO F2 Pro,12,24:e5:0f:2d:13:79,0,20288,602,8,7
665573591,XiaomiPOCO F2 Pro,12,90:ca:fa:8b:26:29,0,5971,822,8,7
665573815,XiaomiPOCO F2 Pro,12,90:ca:fa:8b:13:b4,0,2773,511,8,7
665573815,XiaomiPOCO F2 Pro,12,24:e5:0f:2c:ff:15,0,14590,505,8,7
665573815,XiaomiPOCO F2 Pro,12,24:e5:0f:2d:13:79,0,20317,71,8,7
665573814,XiaomiPOCO F2 Pro,12,90:ca:fa:8b:26:29,0,6218,569,8,7
665574040,XiaomiPOCO F2 Pro,12,90:ca:fa:8b:13:b4,0,1870,41,8,7
665574040,XiaomiPOCO F2 Pro,12,24:e5:0f:2c:ff:15,0,15180,401,8,7
665574039,XiaomiPOCO F2 Pro,12,24:e5:0f:2d:13:79,0,20620,271,8,7
665574039,XiaomiPOCO F2 Pro,12,90:ca:fa:8b:26:29,0,5737,110,8,7
665574265,XiaomiPOCO F2 Pro,12,90:ca:fa:8b:13:b4,0,3073,710,8,7
665574264,XiaomiPOCO F2 Pro,12,24:e5:0f:2c:ff:15,0,14714,628,8,7
665574264,XiaomiPOCO F2 Pro,12,24:e5:0f:2d:13:79,0,20551,975,8,7
665574264,XiaomiPOCO F2 Pro,12,90:ca:fa:8b:26:29,0,6299,718,8,7
665574491,XiaomiPOCO F2 Pro,12,90:ca:fa:8b:13:b4,0,2270,217,8,7
665574491,XiaomiPOCO F2 Pro,12,24:e5:0f:2c:ff:15,0,15073,770,8,7
665574490,XiaomiPOCO F2 Pro,12,24:e5:0f:2d:13:79,0,20669,604,8,7
665574490,XiaomiPOCO F2 Pro,12,90:ca:fa:8b:26:29,0,5503,80,8,7
665574711,XiaomiPOCO F2 Pro,12,90:ca:fa:8b:13:b4,0,3120,816,8,7
665574711,XiaomiPOCO F2 Pro,12,24:e5:0f:2c:ff:15,0,14883,619,8,7
665574710,XiaomiPOCO F2 Pro,12,24:e5:0f:2d:13:79,0,20005,196,8,7
665574709,XiaomiPOCO F2 Pro,12,90:ca:fa:8b:26:29,0,6352,757,8,7
665574938,XiaomiPOCO F2 Pro,12,90:ca:fa:8b:13:b4,0,2651,133,8,7
665574937,XiaomiPOCO F2 Pro,12,24:e5:0f:2c:ff:15,0,14634,482,8,7
665574937,XiaomiPOCO F2 Pro,12,24:e5:0f:2d:13:79,0,20266,569,8,7
665574937,XiaomiPOCO F2 Pro,12,90:ca:fa:8b:26:29,0,5976,558,8,7
665575163,XiaomiPOCO F2 Pro,12,90:ca:fa:8b:13:b4,0,1909,117,8,7
665575163,XiaomiPOCO F2 Pro,12,24:e5:0f:2c:ff:15,0,14677,735,8,7
665575162,XiaomiPOCO F2 Pro,12,24:e5:0f:2d:13:79,0,20200,580,8,7
665575161,XiaomiPOCO F2 Pro,12,90:ca:fa:8b:26:29,0,5503,93,8,7
665575394,XiaomiPOCO F2 Pro,12,90:ca:fa:8b:13:b4,0,2795,516,8,7
665575394,XiaomiPOCO F2 Pro,12,24:e5:0f:2c:ff:15,0,15241,654,8,7
665575393,XiaomiPOCO F2 Pro,12,24:e5:0f:2d:13:79,0,20278,786,8,7
665575393,XiaomiPOCO F2 Pro,12,90:ca:fa:8b:26:29,0,6423,631,8,7
665575614,XiaomiPOCO F2 Pro,12,90:ca:fa:8b:13:b4,0,2077,160,8,7
665575614,XiaomiPOCO F2 Pro,12,24:e5:0f:2c:ff:15,0,14963,513,8,7
665575614,XiaomiPOCO F2 Pro,12,24:e5:0f:2d:13:79,0,20815,752,8,7
665575614,XiaomiPOCO F2 Pro,12,90:ca:fa:8b:26:29,0,6020,41,8,7
665575843,XiaomiPOCO F2 Pro,12,90:ca:fa:8b:13:b4,0,3384,193,8,7
665575843,XiaomiPOCO F2 Pro,12,24:e5:0f:2c:ff:15,0,15058,625,8,7
665575843,XiaomiPOCO F2 Pro,12,24:e5:0f:2d:13:79,0,19907,225,8,7
665575842,XiaomiPOCO F2 Pro,12,90:ca:fa:8b:26:29,0,6001,328,8,7
665576081,XiaomiPOCO F2 Pro,12,90:ca:fa:8b:13:b4,0,2593,235,8,7
665576081,XiaomiPOCO F2 Pro,12,24:e5:0f:2c:ff:15,0,14480,605,8,7
665576080,XiaomiPOCO F2 Pro,12,24:e5:0f:2d:13:79,0,20903,607,8,7
665576080,XiaomiPOCO F2 Pro,12,90:ca:fa:8b:26:29,0,5776,140,8,7
665576221,XiaomiPOCO F2 Pro,12,90:ca:fa:8b:13:b4,0,1772,1443,8,7
665576220,XiaomiPOCO F2 Pro,12,24:e5:0f:2c:ff:15,0,14128,509,8,7
665576220,XiaomiPOCO F2 Pro,12,24:e5:0f:2d:13:79,0,20346,681,8,7
665576220,XiaomiPOCO F2 Pro,12,90:ca:fa:8b:26:29,0,6264,1436,8,7
665576373,XiaomiPOCO F2 Pro,12,90:ca:fa:8b:13:b4,0,3032,491,8,7
665576371,XiaomiPOCO F2 Pro,12,24:e5:0f:2c:ff:15,0,14912,638,8,7
665576371,XiaomiPOCO F2 Pro,12,24:e5:0f:2d:13:79,0,20718,692,8,7
665576370,XiaomiPOCO F2 Pro,12,90:ca:fa:8b:26:29,0,6645,624,8,7
665576514,XiaomiPOCO F2 Pro,12,90:ca:fa:8b:13:b4,0,2143,286,8,7
665576514,XiaomiPOCO F2 Pro,12,24:e5:0f:2c:ff:15,0,14658,561,8,7
665576513,XiaomiPOCO F2 Pro,12,24:e5:0f:2d:13:79,0,20825,118,8,7
665576513,XiaomiPOCO F2 Pro,12,90:ca:fa:8b:26:29,0,6303,1170,8,7
665576678,XiaomiPOCO F2 Pro,12,90:ca:fa:8b:13:b4,0,3384,637,8,7
665576677,XiaomiPOCO F2 Pro,12,24:e5:0f:2c:ff:15,0,15095,676,8,7
665576677,XiaomiPOCO F2 Pro,12,24:e5:0f:2d:13:79,0,20170,141,8,7
665576677,XiaomiPOCO F2 Pro,12,90:ca:fa:8b:26:29,0,5830,474,8,7
665576836,XiaomiPOCO F2 Pro,12,90:ca:fa:8b:13:b4,0,2075,199,8,7
665576836,XiaomiPOCO F2 Pro,12,24:e5:0f:2c:ff:15,0,14812,742,8,7
665576836,XiaomiPOCO F2 Pro,12,24:e5:0f:2d:13:79,0,19809,512,8,7
665576836,XiaomiPOCO F2 Pro,12,90:ca:fa:8b:26:29,0,6184,846,8,7
665576981,XiaomiPOCO F2 Pro,12,90:ca:fa:8b:13:b4,0,2026,84,8,7
665576981,XiaomiPOCO F2 Pro,12,24:e5:0f:2c:ff:15,0,14341,341,8,7
665576980,XiaomiPOCO F2 Pro,12,24:e5:0f:2d:13:79,0,20595,545,8,7
665576980,XiaomiPOCO F2 Pro,12,90:ca:fa:8b:26:29,0,5630,216,8,7
665577129,XiaomiPOCO F2 Pro,12,90:ca:fa:8b:13:b4,0,2153,307,8,7
665577127,XiaomiPOCO F2 Pro,12,24:e5:0f:2c:ff:15,0,14787,657,8,7
665577127,XiaomiPOCO F2 Pro,12,24:e5:0f:2d:13:79,0,20727,441,8,7
665577127,XiaomiPOCO F2 Pro,12,90:ca:fa:8b:26:29,0,6321,606,8,7
665577273,XiaomiPOCO F2 Pro,12,90:ca:fa:8b:13:b4,0,2890,482,8,7
665577272,XiaomiPOCO F2 Pro,12,24:e5:0f:2c:ff:15,0,14582,692,8,7
665577272,XiaomiPOCO F2 Pro,12,24:e5:0f:2d:13:79,0,20307,69,8,7
665577272,XiaomiPOCO F2 Pro,12,90:ca:fa:8b:26:29,0,6057,684,8,7
665577421,XiaomiPOCO F2 Pro,12,90:ca:fa:8b:13:b4,0,2417,192,8,7
665577421,XiaomiPOCO F2 Pro,12,24:e5:0f:2c:ff:15,0,15014,134,8,7
665577420,XiaomiPOCO F2 Pro,12,24:e5:0f:2d:13:79,0,20708,560,8,7
665577420,XiaomiPOCO F2 Pro,12,90:ca:fa:8b:26:29,0,6216,281,8,7
665577570,XiaomiPOCO F2 Pro,12,90:ca:fa:8b:13:b4,0,2065,51,8,7
665577570,XiaomiPOCO F2 Pro,12,24:e5:0f:2c:ff:15,0,14812,776,8,7
665577570,XiaomiPOCO F2 Pro,12,24:e5:0f:2d:13:79,0,20307,348,8,7
665577570,XiaomiPOCO F2 Pro,12,90:ca:fa:8b:26:29,0,5883,651,8,7
665577713,XiaomiPOCO F2 Pro,12,90:ca:fa:8b:13:b4,0,2612,109,8,7
665577712,XiaomiPOCO F2 Pro,12,24:e5:0f:2c:ff:15,0,14905,687,8,7
665577712,XiaomiPOCO F2 Pro,12,24:e5:0f:2d:13:79,0,20805,627,8,7
665577712,XiaomiPOCO F2 Pro,12,90:ca:fa:8b:26:29,0,5923,220,8,7
665577855,XiaomiPOCO F2 Pro,12,90:ca:fa:8b:13:b4,0,2641,192,8,7
665577855,XiaomiPOCO F2 Pro,12,24:e5:0f:2c:ff:15,0,14868,81,8,7
665577855,XiaomiPOCO F2 Pro,12,24:e5:0f:2d:13:79,0,20500,489,8,7
665577854,XiaomiPOCO F2 Pro,12,90:ca:fa:8b:26:29,0,5464,180,8,7
665578006,XiaomiPOCO F2 Pro,12,90:ca:fa:8b:13:b4,0,3039,622,8,7
665578006,XiaomiPOCO F2 Pro,12,24:e5:0f:2c:ff:15,0,14885,816,8,7
665578004,XiaomiPOCO F2 Pro,12,24:e5:0f:2d:13:79,0,20248,190,8,7
665578004,XiaomiPOCO F2 Pro,12,90:ca:fa:8b:26:29,0,5920,515,8,7
665578161,XiaomiPOCO F2 Pro,12,90:ca:fa:8b:13:b4,0,1958,112,8,7
665578161,XiaomiPOCO F2 Pro,12,24:e5:0f:2c:ff:15,0,14809,586,8,7
665578160,XiaomiPOCO F2 Pro,12,24:e5:0f:2d:13:79,0,20734,421,8,7
665578160,XiaomiPOCO F2 Pro,12,90:ca:fa:8b:26:29,0,6343,1222,8,7
665578311,XiaomiPOCO F2 Pro,12,90:ca:fa:8b:13:b4,0,2124,183,8,7
665578311,XiaomiPOCO F2 Pro,12,24:e5:0f:2c:ff:15,0,14392,489,8,7
665578311,XiaomiPOCO F2 Pro,12,24:e5:0f:2d:13:79,0,20537,469,8,7
665578310,XiaomiPOCO F2 Pro,12,90:ca:fa:8b:26:29,0,5591,155,8,7
665578458,XiaomiPOCO F2 Pro,12,90:ca:fa:8b:13:b4,0,2583,891,8,7
665578458,XiaomiPOCO F2 Pro,12,24:e5:0f:2c:ff:15,0,14831,698,8,7
665578457,XiaomiPOCO F2 Pro,12,24:e5:0f:2d:13:79,0,20551,195,8,7
665578457,XiaomiPOCO F2 Pro,12,90:ca:fa:8b:26:29,0,6196,756,8,7
665578604,XiaomiPOCO F2 Pro,12,90:ca:fa:8b:13:b4,0,3066,664,8,7
665578604,XiaomiPOCO F2 Pro,12,24:e5:0f:2c:ff:15,0,14905,804,8,7
665578603,XiaomiPOCO F2 Pro,12,24:e5:0f:2d:13:79,0,20112,204,8,7
665578603,XiaomiPOCO F2 Pro,12,90:ca:fa:8b:26:29,0,5874,575,8,7
665578750,XiaomiPOCO F2 Pro,12,90:ca:fa:8b:13:b4,0,2461,162,8,7
665578749,XiaomiPOCO F2 Pro,12,24:e5:0f:2c:ff:15,0,14790,450,8,7
665578749,XiaomiPOCO F2 Pro,12,24:e5:0f:2d:13:79,0,20876,564,8,7
665578749,XiaomiPOCO F2 Pro,12,90:ca:fa:8b:26:29,0,5923,118,8,7
665578891,XiaomiPOCO F2 Pro,12,90:ca:fa:8b:13:b4,0,1811,23,8,7
665578890,XiaomiPOCO F2 Pro,12,24:e5:0f:2c:ff:15,0,14509,662,8,7
665578890,XiaomiPOCO F2 Pro,12,24:e5:0f:2d:13:79,0,20398,334,8,7
665578890,XiaomiPOCO F2 Pro,12,90:ca:fa:8b:26:29,0,6145,607,8,7
665579039,XiaomiPOCO F2 Pro,12,90:ca:fa:8b:13:b4,0,3008,591,8,7
665579039,XiaomiPOCO F2 Pro,12,24:e5:0f:2c:ff:15,0,14560,576,8,7
665579039,XiaomiPOCO F2 Pro,12,24:e5:0f:2d:13:79,0,19868,597,8,7
665579038,XiaomiPOCO F2 Pro,12,90:ca:fa:8b:26:29,0,6240,782,8,7
665579186,XiaomiPOCO F2 Pro,12,90:ca:fa:8b:13:b4,0,2427,76,8,7
665579186,XiaomiPOCO F2 Pro,12,24:e5:0f:2c:ff:15,0,14678,468,8,7
665579186,XiaomiPOCO F2 Pro,12,24:e5:0f:2d:13:79,0,20808,679,8,7
665579185,XiaomiPOCO F2 Pro,12,90:ca:fa:8b:26:29,0,6225,205,8,7
665579334,XiaomiPOCO F2 Pro,12,90:ca:fa:8b:13:b4,0,2964,124,8,7
665579334,XiaomiPOCO F2 Pro,12,24:e5:0f:2c:ff:15,0,14670,701,8,7
665579333,XiaomiPOCO F2 Pro,12,24:e5:0f:2d:13:79,0,20632,667,8,7
665579333,XiaomiPOCO F2 Pro,12,90:ca:fa:8b:26:29,0,6138,628,8,7
665579486,XiaomiPOCO F2 Pro,12,90:ca:fa:8b:13:b4,0,2739,145,8,7
665579486,XiaomiPOCO F2 Pro,12,24:e5:0f:2c:ff:15,0,14773,577,8,7
665579485,XiaomiPOCO F2 Pro,12,24:e5:0f:2d:13:79,0,20888,806,8,7
665579485,XiaomiPOCO F2 Pro,12,90:ca:fa:8b:26:29,0,6152,663,8,7
665579635,XiaomiPOCO F2 Pro,12,90:ca:fa:8b:13:b4,0,1889,41,8,7
665579634,XiaomiPOCO F2 Pro,12,24:e5:0f:2c:ff:15,0,15000,534,8,7
665579634,XiaomiPOCO F2 Pro,12,24:e5:0f:2d:13:79,0,20464,352,8,7
665579633,XiaomiPOCO F2 Pro,12,90:ca:fa:8b:26:29,0,5708,200,8,7
665579780,XiaomiPOCO F2 Pro,12,90:ca:fa:8b:13:b4,0,2900,626,8,7
665579780,XiaomiPOCO F2 Pro,12,24:e5:0f:2c:ff:15,0,14416,538,8,7
665579780,XiaomiPOCO F2 Pro,12,24:e5:0f:2d:13:79,0,20073,1028,8,7
665579779,XiaomiPOCO F2 Pro,12,90:ca:fa:8b:26:29,0,6528,774,8,7
665579924,XiaomiPOCO F2 Pro,12,90:ca:fa:8b:13:b4,0,1557,1436,8,7
665579923,XiaomiPOCO F2 Pro,12,24:e5:0f:2c:ff:15,0,14255,347,8,7
665579923,XiaomiPOCO F2 Pro,12,24:e5:0f:2d:13:79,0,20405,586,8,7
665579923,XiaomiPOCO F2 Pro,12,90:ca:fa:8b:26:29,0,5796,737,8,7
665580074,XiaomiPOCO F2 Pro,12,90:ca:fa:8b:13:b4,0,3081,670,8,7
665580073,XiaomiPOCO F2 Pro,12,24:e5:0f:2c:ff:15,0,14758,559,8,7
665580073,XiaomiPOCO F2 Pro,12,24:e5:0f:2d:13:79,0,19575,940,8,7
665580072,XiaomiPOCO F2 Pro,12,90:ca:fa:8b:26:29,0,6321,595,8,7
665580227,XiaomiPOCO F2 Pro,12,90:ca:fa:8b:13:b4,0,3176,471,8,7
665580227,XiaomiPOCO F2 Pro,12,24:e5:0f:2c:ff:15,0,14751,494,8,7
665580227,XiaomiPOCO F2 Pro,12,24:e5:0f:2d:13:79,0,18276,425,8,7
665580226,XiaomiPOCO F2 Pro,12,90:ca:fa:8b:26:29,0,5998,665,8,7
665580373,XiaomiPOCO F2 Pro,12,90:ca:fa:8b:13:b4,0,2729,379,8,7
665580372,XiaomiPOCO F2 Pro,12,24:e5:0f:2c:ff:15,0,14504,484,8,7
665580372,XiaomiPOCO F2 Pro,12,24:e5:0f:2d:13:79,0,19438,562,8,7
665580372,XiaomiPOCO F2 Pro,12,90:ca:fa:8b:26:29,0,6001,126,8,7
665580515,XiaomiPOCO F2 Pro,12,90:ca:fa:8b:13:b4,0,2055,133,8,7
665580515,XiaomiPOCO F2 Pro,12,24:e5:0f:2c:ff:15,0,14936,493,8,7
665580515,XiaomiPOCO F2 Pro,12,24:e5:0f:2d:13:79,0,18393,256,8,7
665580515,XiaomiPOCO F2 Pro,12,90:ca:fa:8b:26:29,0,5805,83,8,7
665580664,XiaomiPOCO F2 Pro,12,90:ca:fa:8b:13:b4,0,2446,145,8,7
665580664,XiaomiPOCO F2 Pro,12,24:e5:0f:2c:ff:15,0,14773,648,8,7
665580663,XiaomiPOCO F2 Pro,12,24:e5:0f:2d:13:79,0,17573,142,8,7
665580663,XiaomiPOCO F2 Pro,12,90:ca:fa:8b:26:29,0,6167,741,8,7
665580810,XiaomiPOCO F2 Pro,12,90:ca:fa:8b:13:b4,0,2651,150,8,7
665580810,XiaomiPOCO F2 Pro,12,24:e5:0f:2c:ff:15,0,14804,567,8,7
665580810,XiaomiPOCO F2 Pro,12,24:e5:0f:2d:13:79,0,18735,307,8,7
665580810,XiaomiPOCO F2 Pro,12,90:ca:fa:8b:26:29,0,5893,110,8,7
665580953,XiaomiPOCO F2 Pro,12,90:ca:fa:8b:13:b4,0,3603,1658,8,7
665580953,XiaomiPOCO F2 Pro,12,24:e5:0f:2c:ff:15,0,16167,1455,8,7
665580952,XiaomiPOCO F2 Pro,12,24:e5:0f:2d:13:79,0,19292,1076,8,7
665580952,XiaomiPOCO F2 Pro,12,90:ca:fa:8b:26:29,0,7136,1196,8,7
665581102,XiaomiPOCO F2 Pro,12,90:ca:fa:8b:13:b4,0,2153,289,8,7
665581102,XiaomiPOCO F2 Pro,12,24:e5:0f:2c:ff:15,0,14673,448,8,7
665581101,XiaomiPOCO F2 Pro,12,24:e5:0f:2d:13:79,0,20683,475,8,7
665581101,XiaomiPOCO F2 Pro,12,90:ca:fa:8b:26:29,0,5415,35,8,7
665581252,XiaomiPOCO F2 Pro,12,90:ca:fa:8b:13:b4,0,3081,808,8,7
665581252,XiaomiPOCO F2 Pro,12,24:e5:0f:2c:ff:15,0,14743,732,8,7
665581251,XiaomiPOCO F2 Pro,12,24:e5:0f:2d:13:79,0,20859,754,8,7
665581251,XiaomiPOCO F2 Pro,12,90:ca:fa:8b:26:29,0,6313,693,8,7
665581401,XiaomiPOCO F2 Pro,12,90:ca:fa:8b:13:b4,0,2212,58,8,7
665581401,XiaomiPOCO F2 Pro,12,24:e5:0f:2c:ff:15,0,14673,415,8,7
665581401,XiaomiPOCO F2 Pro,12,24:e5:0f:2d:13:79,0,20063,501,8,7
665581400,XiaomiPOCO F2 Pro,12,90:ca:fa:8b:26:29,0,6177,1162,8,7
665581552,XiaomiPOCO F2 Pro,12,90:ca:fa:8b:13:b4,0,2046,222,8,7
665581552,XiaomiPOCO F2 Pro,12,24:e5:0f:2c:ff:15,0,14714,482,8,7
665581552,XiaomiPOCO F2 Pro,12,24:e5:0f:2d:13:79,0,19350,302,8,7
665581551,XiaomiPOCO F2 Pro,12,90:ca:fa:8b:26:29,0,6167,660,8,7
665581700,XiaomiPOCO F2 Pro,12,90:ca:fa:8b:13:b4,0,2612,293,8,7
665581700,XiaomiPOCO F2 Pro,12,24:e5:0f:2c:ff:15,0,14956,682,8,7
665581699,XiaomiPOCO F2 Pro,12,24:e5:0f:2d:13:79,0,21086,565,8,7
665581699,XiaomiPOCO F2 Pro,12,90:ca:fa:8b:26:29,0,5815,41,8,7
665581851,XiaomiPOCO F2 Pro,12,90:ca:fa:8b:13:b4,0,2778,177,8,7
665581851,XiaomiPOCO F2 Pro,12,24:e5:0f:2c:ff:15,0,14687,778,8,7
665581851,XiaomiPOCO F2 Pro,12,24:e5:0f:2d:13:79,0,20268,589,8,7
665581850,XiaomiPOCO F2 Pro,12,90:ca:fa:8b:26:29,0,6147,124,8,7
665581998,XiaomiPOCO F2 Pro,12,90:ca:fa:8b:13:b4,0,1880,99,8,7
665581997,XiaomiPOCO F2 Pro,12,24:e5:0f:2c:ff:15,0,14401,558,8,7
665581997,XiaomiPOCO F2 Pro,12,24:e5:0f:2d:13:79,0,20078,721,8,7
665581997,XiaomiPOCO F2 Pro,12,90:ca:fa:8b:26:29,0,5942,809,8,7
665582146,XiaomiPOCO F2 Pro,12,90:ca:fa:8b:13:b4,0,2632,768,8,7
665582145,XiaomiPOCO F2 Pro,12,24:e5:0f:2c:ff:15,0,14545,586,8,7
665582145,XiaomiPOCO F2 Pro,12,24:e5:0f:2d:13:79,0,19643,113,8,7
665582145,XiaomiPOCO F2 Pro,12,90:ca:fa:8b:26:29,0,6152,518,8,7
665582291,XiaomiPOCO F2 Pro,12,90:ca:fa:8b:13:b4,0,2847,553,8,7
665582291,XiaomiPOCO F2 Pro,12,24:e5:0f:2c:ff:15,0,14436,532,8,7
665582290,XiaomiPOCO F2 Pro,12,24:e5:0f:2d:13:79,0,18979,121,8,7
665582290,XiaomiPOCO F2 Pro,12,90:ca:fa:8b:26:29,0,6614,735,8,7
665582433,XiaomiPOCO F2 Pro,12,90:ca:fa:8b:13:b4,0,1938,60,8,7
665582433,XiaomiPOCO F2 Pro,12,24:e5:0f:2c:ff:15,0,14882,680,8,7
665582432,XiaomiPOCO F2 Pro,12,24:e5:0f:2d:13:79,0,19009,245,8,7
665582432,XiaomiPOCO F2 Pro,12,90:ca:fa:8b:26:29,0,6086,611,8,7
665582575,XiaomiPOCO F2 Pro,12,90:ca:fa:8b:13:b4,0,3098,682,8,7
665582575,XiaomiPOCO F2 Pro,12,24:e5:0f:2c:ff:15,0,14328,583,8,7
665582574,XiaomiPOCO F2 Pro,12,24:e5:0f:2d:13:79,0,20005,828,8,7
665582574,XiaomiPOCO F2 Pro,12,90:ca:fa:8b:26:29,0,5971,137,8,7
665582725,XiaomiPOCO F2 Pro,12,90:ca:fa:8b:13:b4,0,3266,243,8,7
665582724,XiaomiPOCO F2 Pro,12,24:e5:0f:2c:ff:15,0,14746,879,8,7
665582724,XiaomiPOCO F2 Pro,12,24:e5:0f:2d:13:79,0,20141,1005,8,7
665582724,XiaomiPOCO F2 Pro,12,90:ca:fa:8b:26:29,0,6037,596,8,7
665582866,XiaomiPOCO F2 Pro,12,90:ca:fa:8b:13:b4,0,2846,732,8,7
665582866,XiaomiPOCO F2 Pro,12,24:e5:0f:2c:ff:15,0,14797,556,8,7
665582866,XiaomiPOCO F2 Pro,12,24:e5:0f:2d:13:79,0,20044,159,8,7
665582865,XiaomiPOCO F2 Pro,12,90:ca:fa:8b:26:29,0,6279,668,8,7
665583008,XiaomiPOCO F2 Pro,12,90:ca:fa:8b:13:b4,0,2820,797,8,7
665583008,XiaomiPOCO F2 Pro,12,24:e5:0f:2c:ff:15,0,14160,477,8,7
665583008,XiaomiPOCO F2 Pro,12,24:e5:0f:2d:13:79,0,19975,475,8,7
665583007,XiaomiPOCO F2 Pro,12,90:ca:fa:8b:26:29,0,5659,548,8,7
665583148,XiaomiPOCO F2 Pro,12,90:ca:fa:8b:13:b4,0,2187,104,8,7
665583148,XiaomiPOCO F2 Pro,12,24:e5:0f:2c:ff:15,0,14319,411,8,7
665583145,XiaomiPOCO F2 Pro,12,24:e5:0f:2d:13:79,0,19897,128,8,7
665583145,XiaomiPOCO F2 Pro,12,90:ca:fa:8b:26:29,0,5983,758,8,7
665583299,XiaomiPOCO F2 Pro,12,90:ca:fa:8b:13:b4,0,1889,263,8,7
665583299,XiaomiPOCO F2 Pro,12,24:e5:0f:2c:ff:15,0,14472,392,8,7
665583298,XiaomiPOCO F2 Pro,12,24:e5:0f:2d:13:79,0,19536,201,8,7
665583297,XiaomiPOCO F2 Pro,12,90:ca:fa:8b:26:29,0,5954,520,8,7
665583455,XiaomiPOCO F2 Pro,12,90:ca:fa:8b:13:b4,0,3022,603,8,7
665583454,XiaomiPOCO F2 Pro,12,24:e5:0f:2c:ff:15,0,14721,720,8,7
665583454,XiaomiPOCO F2 Pro,12,24:e5:0f:2d:13:79,0,19702,768,8,7
665583453,XiaomiPOCO F2 Pro,12,90:ca:fa:8b:26:29,0,5983,647,8,7
665583607,XiaomiPOCO F2 Pro,12,90:ca:fa:8b:13:b4,0,2895,697,8,7
665583605,XiaomiPOCO F2 Pro,12,24:e5:0f:2c:ff:15,0,14489,531,8,7
665583605,XiaomiPOCO F2 Pro,12,24:e5:0f:2d:13:79,0,18989,69,8,7
665583604,XiaomiPOCO F2 Pro,12,90:ca:fa:8b:26:29,0,5905,369,8,7
665583765,XiaomiPOCO F2 Pro,12,90:ca:fa:8b:13:b4,0,3091,878,8,7
665583764,XiaomiPOCO F2 Pro,12,24:e5:0f:2c:ff:15,0,14846,600,8,7
665583764,XiaomiPOCO F2 Pro,12,24:e5:0f:2d:13:79,0,18940,185,8,7
665583763,XiaomiPOCO F2 Pro,12,90:ca:fa:8b:26:29,0,5947,484,8,7
665583908,XiaomiPOCO F2 Pro,12,90:ca:fa:8b:13:b4,0,2544,267,8,7
665583907,XiaomiPOCO F2 Pro,12,24:e5:0f:2c:ff:15,0,14809,723,8,7
665583907,XiaomiPOCO F2 Pro,12,24:e5:0f:2d:13:79,0,19900,469,8,7
665583907,XiaomiPOCO F2 Pro,12,90:ca:fa:8b:26:29,0,5766,206,8,7
665584068,XiaomiPOCO F2 Pro,12,90:ca:fa:8b:13:b4,0,2163,258,8,7
665584067,XiaomiPOCO F2 Pro,12,24:e5:0f:2c:ff:15,0,14589,633,8,7
665584066,XiaomiPOCO F2 Pro,12,24:e5:0f:2d:13:79,0,19848,565,8,7
665584065,XiaomiPOCO F2 Pro,12,90:ca:fa:8b:26:29,0,5424,80,8,7
665584230,XiaomiPOCO F2 Pro,12,90:ca:fa:8b:13:b4,0,2651,147,8,7
665584229,XiaomiPOCO F2 Pro,12,24:e5:0f:2c:ff:15,0,15063,158,8,7
665584228,XiaomiPOCO F2 Pro,12,24:e5:0f:2d:13:79,0,20317,62,8,7
665584228,XiaomiPOCO F2 Pro,12,90:ca:fa:8b:26:29,0,5942,293,8,7
665584391,XiaomiPOCO F2 Pro,12,90:ca:fa:8b:13:b4,0,1948,133,8,7
665584391,XiaomiPOCO F2 Pro,12,24:e5:0f:2c:ff:15,0,14790,735,8,7
665584389,XiaomiPOCO F2 Pro,12,24:e5:0f:2d:13:79,0,19204,145,8,7
665584388,XiaomiPOCO F2 Pro,12,90:ca:fa:8b:26:29,0,5971,543,8,7
665584547,XiaomiPOCO F2 Pro,12,90:ca:fa:8b:13:b4,0,1977,98,8,7
665584547,XiaomiPOCO F2 Pro,12,24:e5:0f:2c:ff:15,0,14670,493,8,7
665584547,XiaomiPOCO F2 Pro,12,24:e5:0f:2d:13:79,0,19331,122,8,7
665584545,XiaomiPOCO F2 Pro,12,90:ca:fa:8b:26:29,0,5852,394,8,7
665584710,XiaomiPOCO F2 Pro,12,90:ca:fa:8b:13:b4,0,2612,212,8,7
665584710,XiaomiPOCO F2 Pro,12,24:e5:0f:2c:ff:15,0,14904,653,8,7
665584709,XiaomiPOCO F2 Pro,12,24:e5:0f:2d:13:79,0,20249,200,8,7
665584708,XiaomiPOCO F2 Pro,12,90:ca:fa:8b:26:29,0,5991,294,8,7
